match_id,map_name,team,player1,player2,player3,player4,player5,player6
37147,Blizzard World,Dallas Fuel,Doha,FEARLESS,Fielder,Hanbin,Jecse,SP9RK1E
37147,Blizzard World,Houston Outlaws,Crimzo,Danteh,Happy,JJANGGU,Joobi,Piggy
37147,Busan,Dallas Fuel,Doha,FEARLESS,Fielder,Hanbin,Jecse,SP9RK1E
37147,Busan,Houston Outlaws,Crimzo,Danteh,Happy,JJANGGU,Joobi,Piggy
37147,Volskaya Industries,Dallas Fuel,Doha,FEARLESS,Fielder,Hanbin,Jecse,SP9RK1E
37147,Volskaya Industries,Houston Outlaws,Crimzo,Danteh,Happy,JJANGGU,Jake,Piggy
37148,Dorado,Florida Mayhem,GARGOYLE,GangNamJin,OGE,SLIME,Yaki,bqb
37148,Dorado,Washington Justice,BEBE,Closer,Decay,Fury,Jerry,MAG
37148,King's Row,Florida Mayhem,GARGOYLE,GangNamJin,OGE,SLIME,Yaki,bqb
37148,King's Row,Washington Justice,Assassin,BEBE,Closer,Decay,Fury,MAG
37148,Oasis,Florida Mayhem,GARGOYLE,GangNamJin,OGE,SLIME,Yaki,bqb
37148,Oasis,Washington Justice,Assassin,BEBE,Closer,Decay,Fury,MAG
37148,Volskaya Industries,Florida Mayhem,GARGOYLE,GangNamJin,OGE,SLIME,Yaki,bqb
37148,Volskaya Industries,Washington Justice,BEBE,Closer,Decay,Fury,Jerry,MAG
37149,Busan,Dallas Fuel,Doha,FEARLESS,Fielder,Hanbin,Jecse,SP9RK1E
37149,Busan,San Francisco Shock,Choihyobin,FDGod,STRIKER,Viol2t,nero,super
37149,Eichenwalde,Dallas Fuel,Doha,FEARLESS,Fielder,Hanbin,Jecse,SP9RK1E
37149,Eichenwalde,San Francisco Shock,Choihyobin,FDGod,STRIKER,Viol2t,nero,super
37149,Volskaya Industries,Dallas Fuel,Doha,FEARLESS,Fielder,Hanbin,Jecse,SP9RK1E
37149,Volskaya Industries,San Francisco Shock,Choihyobin,FDGod,STRIKER,Twilight,Viol2t,smurf
37150,Ilios,Florida Mayhem,GARGOYLE,GangNamJin,OGE,SLIME,Yaki,bqb
37150,Ilios,Toronto Defiant,ANSOONJAE,Heesu,Lastro,Michelle,Na1st,SADO
37150,King's Row,Florida Mayhem,GARGOYLE,GangNamJin,OGE,SLIME,Yaki,bqb
37150,King's Row,Toronto Defiant,ANSOONJAE,Heesu,Lastro,Michelle,Na1st,SADO
37150,Temple of Anubis,Florida Mayhem,GARGOYLE,GangNamJin,OGE,SLIME,Yaki,bqb
37150,Temple of Anubis,Toronto Defiant,ANSOONJAE,Heesu,Lastro,Michelle,Na1st,SADO
37211,Havana,Atlanta Reign,Gator,Hawk,Kai,Masaa,PELICAN,ir1s
37211,Havana,San Francisco Shock,Choihyobin,FDGod,STRIKER,Viol2t,nero,super
37211,King's Row,Atlanta Reign,Gator,Hawk,Kai,Masaa,PELICAN,ir1s
37211,King's Row,San Francisco Shock,Choihyobin,FDGod,STRIKER,Viol2t,nero,super
37211,Nepal,Atlanta Reign,Gator,Hawk,Kai,Masaa,PELICAN,ir1s
37211,Nepal,San Francisco Shock,Choihyobin,FDGod,STRIKER,Viol2t,nero,super
37211,Oasis,Atlanta Reign,Gator,Hawk,Kai,Masaa,PELICAN,ir1s
37211,Oasis,San Francisco Shock,Choihyobin,FDGod,STRIKER,Viol2t,nero,super
37211,Volskaya Industries,Atlanta Reign,Edison,Gator,Hawk,Kai,PELICAN,ir1s
37211,Volskaya Industries,San Francisco Shock,Choihyobin,FDGod,STRIKER,Twilight,Viol2t,smurf
37212,Havana,London Spitfire,Hadi,Hybrid,Kellex,Molf1g,Ripa,blase
37212,Havana,Toronto Defiant,ANSOONJAE,Heesu,Lastro,Michelle,Na1st,SADO
37212,King's Row,London Spitfire,Hadi,Hybrid,Kellex,Molf1g,Ripa,blase
37212,King's Row,Toronto Defiant,ANSOONJAE,Heesu,Lastro,Michelle,Na1st,SADO
37212,Lijiang Tower,London Spitfire,Hadi,Hybrid,Kellex,Molf1g,Ripa,blase
37212,Lijiang Tower,Toronto Defiant,ANSOONJAE,Aztac,Logix,Michelle,Na1st,SADO
37212,Volskaya Industries,London Spitfire,Hadi,Hybrid,Kellex,Molf1g,Ripa,Shax
37212,Volskaya Industries,Toronto Defiant,ANSOONJAE,Heesu,Lastro,Michelle,Na1st,SADO
37213,Blizzard World,Florida Mayhem,GARGOYLE,GangNamJin,OGE,SLIME,Yaki,bqb
37213,Blizzard World,Paris Eternal,Daan,ELLIVOTE,Kaan,Naga,Onigod,neptuNo
37213,Dorado,Florida Mayhem,GARGOYLE,GangNamJin,OGE,SLIME,Yaki,bqb
37213,Dorado,Paris Eternal,Daan,ELLIVOTE,Kaan,Onigod,Tsuna,neptuNo
37213,Lijiang Tower,Florida Mayhem,GARGOYLE,GangNamJin,OGE,SLIME,Yaki,bqb
37213,Lijiang Tower,Paris Eternal,Daan,ELLIVOTE,Kaan,Naga,Onigod,neptuNo
37213,Temple of Anubis,Florida Mayhem,GARGOYLE,GangNamJin,OGE,SLIME,Yaki,bqb
37213,Temple of Anubis,Paris Eternal,Daan,ELLIVOTE,Kaan,Naga,Onigod,neptuNo
37214,Blizzard World,Toronto Defiant,ANSOONJAE,Heesu,Lastro,Michelle,Na1st,SADO
37214,Blizzard World,Washington Justice,BEBE,Closer,Decay,Fury,Jerry,MAG
37214,Oasis,Toronto Defiant,ANSOONJAE,Heesu,Lastro,Michelle,Na1st,SADO
37214,Oasis,Washington Justice,Assassin,BEBE,Closer,Decay,Fury,MAG
37214,Temple of Anubis,Toronto Defiant,ANSOONJAE,Heesu,Lastro,Michelle,Na1st,SADO
37214,Temple of Anubis,Washington Justice,Assassin,BEBE,Closer,Decay,Fury,MAG
37215,Busan,Florida Mayhem,GARGOYLE,GangNamJin,OGE,SLIME,Yaki,bqb
37215,Busan,San Francisco Shock,Choihyobin,FDGod,STRIKER,Viol2t,nero,super
37215,Eichenwalde,Florida Mayhem,GARGOYLE,GangNamJin,OGE,SLIME,Yaki,bqb
37215,Eichenwalde,San Francisco Shock,Choihyobin,FDGod,STRIKER,Viol2t,nero,super
37215,Hanamura,Florida Mayhem,GARGOYLE,GangNamJin,OGE,SLIME,Yaki,bqb
37215,Hanamura,San Francisco Shock,Choihyobin,FDGod,STRIKER,Viol2t,nero,super
37216,Blizzard World,Boston Uprising,Faith,Myunb0ng,Stand1,Valentine,im37,punk
37216,Blizzard World,London Spitfire,Hadi,Hybrid,Kellex,Molf1g,Ripa,Shax
37216,Dorado,Boston Uprising,Faith,Myunb0ng,Stand1,Valentine,im37,punk
37216,Dorado,London Spitfire,Hadi,Hybrid,Kellex,Molf1g,Ripa,Shax
37216,Ilios,Boston Uprising,Faith,Myunb0ng,Stand1,Valentine,im37,punk
37216,Ilios,London Spitfire,Hadi,Kellex,Molf1g,Ripa,Shax,blase
37216,Lijiang Tower,Boston Uprising,Faith,Myunb0ng,Stand1,Valentine,im37,punk
37216,Lijiang Tower,London Spitfire,Hadi,Hybrid,Kellex,Molf1g,Ripa,blase
37216,Temple of Anubis,Boston Uprising,Faith,Myunb0ng,Stand1,Valentine,im37,punk
37216,Temple of Anubis,London Spitfire,Hadi,Hybrid,Kellex,Molf1g,Ripa,blase
37217,Busan,Boston Uprising,Faith,Myunb0ng,Stand1,Valentine,im37,punk
37217,Busan,Washington Justice,BEBE,Closer,Decay,Fury,Jerry,MAG
37217,Havana,Boston Uprising,Faith,Myunb0ng,Stand1,Valentine,im37,punk
37217,Havana,Washington Justice,Assassin,BEBE,Closer,Decay,Fury,MAG
37217,King's Row,Boston Uprising,Faith,Myunb0ng,Stand1,Valentine,im37,punk
37217,King's Row,Washington Justice,Assassin,BEBE,Closer,Decay,Fury,MAG
37217,Volskaya Industries,Boston Uprising,Faith,Myunb0ng,Stand1,Valentine,im37,punk
37217,Volskaya Industries,Washington Justice,BEBE,Closer,Decay,Fury,Jerry,MAG
37218,Busan,Atlanta Reign,Edison,Gator,Hawk,Kai,PELICAN,ir1s
37218,Busan,Paris Eternal,Daan,ELLIVOTE,Kaan,Onigod,Tsuna,neptuNo
37218,Eichenwalde,Atlanta Reign,Gator,Hawk,Kai,Masaa,PELICAN,ir1s
37218,Eichenwalde,Paris Eternal,Daan,ELLIVOTE,Kaan,Naga,Onigod,neptuNo
37218,Hanamura,Atlanta Reign,Gator,Hawk,Kai,Masaa,PELICAN,ir1s
37218,Hanamura,Paris Eternal,Daan,ELLIVOTE,Kaan,Naga,Onigod,neptuNo
37219,Blizzard World,Vancouver Titans,Dalton,Fire,LiNkzr,Roolf,ShRedLock,frdwnr
37219,Blizzard World,Washington Justice,Assassin,BEBE,Closer,Decay,Fury,MAG
37219,Dorado,Vancouver Titans,Dalton,Fire,LiNkzr,Roolf,ShRedLock,frdwnr
37219,Dorado,Washington Justice,BEBE,Closer,Decay,Fury,Jerry,MAG
37219,Lijiang Tower,Vancouver Titans,Dalton,Fire,Roolf,ShRedLock,Teru,frdwnr
37219,Lijiang Tower,Washington Justice,Assassin,BEBE,Closer,Decay,Fury,MAG
37219,Temple of Anubis,Vancouver Titans,Dalton,Fire,Roolf,ShRedLock,Teru,frdwnr
37219,Temple of Anubis,Washington Justice,Assassin,BEBE,Closer,Fury,Jerry,MAG
37220,Havana,Boston Uprising,Faith,Myunb0ng,Stand1,Valentine,im37,punk
37220,Havana,Dallas Fuel,Doha,FEARLESS,Fielder,Hanbin,Rapel,SP9RK1E
37220,Nepal,Boston Uprising,Faith,Myunb0ng,Stand1,Valentine,im37,punk
37220,Nepal,Dallas Fuel,Doha,FEARLESS,Hanbin,Jecse,Rapel,SP9RK1E
37220,Volskaya Industries,Boston Uprising,Faith,Myunb0ng,Stand1,Valentine,im37,punk
37220,Volskaya Industries,Dallas Fuel,Doha,FEARLESS,Fielder,Hanbin,Jecse,SP9RK1E
37221,Hanamura,Houston Outlaws,Crimzo,Happy,JJANGGU,Jake,Joobi,Piggy
37221,Hanamura,London Spitfire,Hadi,Hybrid,Kellex,Molf1g,Ripa,blase
37221,Oasis,Houston Outlaws,Crimzo,Happy,JJANGGU,Joobi,KSF,Piggy
37221,Oasis,London Spitfire,Hadi,Hybrid,Kellex,Molf1g,Ripa,blase
37221,Watchpoint: Gibraltar,Houston Outlaws,Crimzo,Happy,JJANGGU,Jake,KSF,Piggy
37221,Watchpoint: Gibraltar,London Spitfire,Hadi,Hybrid,Kellex,Molf1g,Ripa,Shax
37222,Eichenwalde,Dallas Fuel,Doha,FEARLESS,Fielder,Hanbin,Jecse,SP9RK1E
37222,Eichenwalde,Washington Justice,Assassin,BEBE,Closer,Decay,Fury,MAG
37222,Hanamura,Dallas Fuel,Doha,FEARLESS,Hanbin,Jecse,Rapel,SP9RK1E
37222,Hanamura,Washington Justice,Assassin,BEBE,Closer,Decay,Fury,MAG
37222,Ilios,Dallas Fuel,Doha,FEARLESS,Fielder,Hanbin,Rapel,SP9RK1E
37222,Ilios,Washington Justice,Assassin,BEBE,Closer,Fury,Jerry,MAG
37222,Watchpoint: Gibraltar,Dallas Fuel,Doha,FEARLESS,Hanbin,Jecse,Rapel,SP9RK1E
37222,Watchpoint: Gibraltar,Washington Justice,BEBE,Closer,Decay,Fury,Jerry,MAG
37223,Hanamura,Boston Uprising,Faith,Myunb0ng,Stand1,Valentine,im37,punk
37223,Hanamura,Los Angeles Gladiators,Birdring,MuZe,SPACE,kevster,moth,shu
37223,Oasis,Boston Uprising,Faith,Myunb0ng,Stand1,Valentine,im37,punk
37223,Oasis,Los Angeles Gladiators,Birdring,MuZe,SPACE,kevster,moth,shu
37223,Watchpoint: Gibraltar,Boston Uprising,Faith,Myunb0ng,Stand1,Valentine,im37,punk
37223,Watchpoint: Gibraltar,Los Angeles Gladiators,Birdring,MirroR,MuZe,kevster,shu,skewed
37224,Havana,Houston Outlaws,Crimzo,Happy,JJANGGU,Joobi,KSF,Piggy
37224,Havana,Paris Eternal,Daan,ELLIVOTE,Kaan,Naga,Onigod,neptuNo
37224,King's Row,Houston Outlaws,Crimzo,Danteh,Happy,JJANGGU,Joobi,Piggy
37224,King's Row,Paris Eternal,Daan,ELLIVOTE,Kaan,Naga,Onigod,neptuNo
37224,Nepal,Houston Outlaws,Crimzo,Danteh,Happy,JJANGGU,Joobi,Piggy
37224,Nepal,Paris Eternal,Daan,ELLIVOTE,Kaan,Naga,Onigod,neptuNo
37224,Volskaya Industries,Houston Outlaws,Crimzo,Danteh,Happy,JJANGGU,Joobi,Piggy
37224,Volskaya Industries,Paris Eternal,Daan,ELLIVOTE,Kaan,Onigod,Tsuna,neptuNo
37225,Busan,London Spitfire,Hadi,Hybrid,Kellex,Molf1g,Ripa,Shax
37225,Busan,Los Angeles Gladiators,Birdring,MuZe,SPACE,kevster,moth,shu
37225,Havana,London Spitfire,Hadi,Hybrid,Kellex,Molf1g,Ripa,blase
37225,Havana,Los Angeles Gladiators,Birdring,MuZe,SPACE,kevster,moth,shu
37225,Volskaya Industries,London Spitfire,Hadi,Hybrid,Kellex,Molf1g,Ripa,Shax
37225,Volskaya Industries,Los Angeles Gladiators,Birdring,MuZe,SPACE,kevster,shu,skewed
37226,Eichenwalde,Paris Eternal,Daan,ELLIVOTE,Kaan,Naga,Onigod,neptuNo
37226,Eichenwalde,Vancouver Titans,Dalton,Fire,Roolf,ShRedLock,Teru,frdwnr
37226,Hanamura,Paris Eternal,Daan,ELLIVOTE,Kaan,Naga,Onigod,neptuNo
37226,Hanamura,Vancouver Titans,Dalton,Fire,Roolf,ShRedLock,Teru,frdwnr
37226,Oasis,Paris Eternal,Daan,ELLIVOTE,Kaan,Naga,Onigod,neptuNo
37226,Oasis,Vancouver Titans,Dalton,Fire,Roolf,ShRedLock,Teru,frdwnr
37226,Watchpoint: Gibraltar,Paris Eternal,Daan,ELLIVOTE,Kaan,Onigod,Tsuna,neptuNo
37226,Watchpoint: Gibraltar,Vancouver Titans,Dalton,Fire,LiNkzr,Roolf,ShRedLock,frdwnr
37227,Blizzard World,Atlanta Reign,Gator,Hawk,Kai,Masaa,PELICAN,ir1s
37227,Blizzard World,Toronto Defiant,ANSOONJAE,Heesu,Lastro,Michelle,Na1st,SADO
37227,Busan,Atlanta Reign,Gator,Hawk,Kai,Masaa,PELICAN,ir1s
37227,Busan,Toronto Defiant,ANSOONJAE,Heesu,Lastro,Michelle,Na1st,SADO
37227,Dorado,Atlanta Reign,Gator,Hawk,Kai,Masaa,PELICAN,ir1s
37227,Dorado,Toronto Defiant,ANSOONJAE,Heesu,Lastro,Michelle,Na1st,SADO
37227,Nepal,Atlanta Reign,Gator,Hawk,Kai,Masaa,PELICAN,ir1s
37227,Nepal,Toronto Defiant,ANSOONJAE,Heesu,Lastro,Michelle,Na1st,SADO
37227,Temple of Anubis,Atlanta Reign,Gator,Hawk,Kai,Masaa,PELICAN,ir1s
37227,Temple of Anubis,Toronto Defiant,ANSOONJAE,Heesu,Lastro,Michelle,Na1st,SADO
37228,Havana,Florida Mayhem,GARGOYLE,GangNamJin,OGE,SLIME,Yaki,bqb
37228,Havana,Vancouver Titans,Fire,LiNkzr,Roolf,ShRedLock,Teru,frdwnr
37228,King's Row,Florida Mayhem,GARGOYLE,GangNamJin,OGE,SLIME,Yaki,bqb
37228,King's Row,Vancouver Titans,Fire,LiNkzr,Roolf,ShRedLock,Teru,frdwnr
37228,Nepal,Florida Mayhem,GARGOYLE,GangNamJin,OGE,SLIME,Yaki,bqb
37228,Nepal,Vancouver Titans,Dalton,Fire,Roolf,ShRedLock,Teru,frdwnr
37228,Volskaya Industries,Florida Mayhem,GARGOYLE,GangNamJin,OGE,SLIME,Yaki,bqb
37228,Volskaya Industries,Vancouver Titans,Dalton,Fire,LiNkzr,Roolf,ShRedLock,frdwnr
37229,Blizzard World,Houston Outlaws,Crimzo,Danteh,Happy,JJANGGU,Joobi,Piggy
37229,Blizzard World,San Francisco Shock,Choihyobin,FDGod,STRIKER,Viol2t,nero,super
37229,Dorado,Houston Outlaws,Crimzo,Danteh,Happy,JJANGGU,Jake,Piggy
37229,Dorado,San Francisco Shock,Choihyobin,FDGod,Glister,Twilight,Viol2t,smurf
37229,Havana,Houston Outlaws,Crimzo,Danteh,Happy,JJANGGU,Joobi,Piggy
37229,Havana,San Francisco Shock,Choihyobin,Glister,STRIKER,Twilight,Viol2t,smurf
37229,Lijiang Tower,Houston Outlaws,Crimzo,Happy,Hydration,JJANGGU,Joobi,Piggy
37229,Lijiang Tower,San Francisco Shock,Choihyobin,FDGod,Viol2t,nero,super,ta1yo
37229,Oasis,Houston Outlaws,Crimzo,Danteh,Happy,JJANGGU,Joobi,Piggy
37229,Oasis,San Francisco Shock,Choihyobin,FDGod,STRIKER,Viol2t,nero,super
37229,Temple of Anubis,Houston Outlaws,Crimzo,Danteh,Happy,JJANGGU,Joobi,Piggy
37229,Temple of Anubis,San Francisco Shock,Choihyobin,FDGod,STRIKER,Viol2t,nero,super
37230,Blizzard World,Dallas Fuel,Doha,FEARLESS,Hanbin,Jecse,Rapel,SP9RK1E
37230,Blizzard World,Los Angeles Gladiators,Birdring,MuZe,SPACE,kevster,shu,skewed
37230,Dorado,Dallas Fuel,Doha,FEARLESS,Fielder,Hanbin,Rapel,SP9RK1E
37230,Dorado,Los Angeles Gladiators,Birdring,MuZe,SPACE,kevster,shu,skewed
37230,Lijiang Tower,Dallas Fuel,Doha,FEARLESS,Fielder,Hanbin,Jecse,SP9RK1E
37230,Lijiang Tower,Los Angeles Gladiators,MirroR,MuZe,SPACE,kevster,moth,shu
37230,Temple of Anubis,Dallas Fuel,Doha,FEARLESS,Hanbin,Jecse,Rapel,SP9RK1E
37230,Temple of Anubis,Los Angeles Gladiators,Birdring,MuZe,SPACE,kevster,moth,shu
37231,Eichenwalde,Atlanta Reign,Gator,Hawk,Kai,Masaa,PELICAN,ir1s
37231,Eichenwalde,Florida Mayhem,GARGOYLE,GangNamJin,OGE,SLIME,Yaki,bqb
37231,Hanamura,Atlanta Reign,Gator,Hawk,Kai,Masaa,PELICAN,ir1s
37231,Hanamura,Florida Mayhem,GARGOYLE,GangNamJin,OGE,SLIME,Yaki,bqb
37231,Ilios,Atlanta Reign,Edison,Gator,Hawk,Masaa,PELICAN,ir1s
37231,Ilios,Florida Mayhem,GARGOYLE,GangNamJin,OGE,SLIME,Yaki,bqb
37231,Watchpoint: Gibraltar,Atlanta Reign,Edison,Gator,Hawk,Masaa,PELICAN,ir1s
37231,Watchpoint: Gibraltar,Florida Mayhem,GARGOYLE,GangNamJin,OGE,SLIME,Yaki,bqb
37232,Busan,Toronto Defiant,ANSOONJAE,Heesu,Lastro,Michelle,Na1st,SADO
37232,Busan,Vancouver Titans,Dalton,Fire,LiNkzr,Roolf,ShRedLock,frdwnr
37232,Eichenwalde,Toronto Defiant,ANSOONJAE,Heesu,Lastro,Michelle,Na1st,SADO
37232,Eichenwalde,Vancouver Titans,Dalton,Fire,Roolf,ShRedLock,Teru,frdwnr
37232,Hanamura,Toronto Defiant,ANSOONJAE,Heesu,Lastro,Michelle,Na1st,SADO
37232,Hanamura,Vancouver Titans,Dalton,Fire,Roolf,ShRedLock,Teru,frdwnr
37232,Watchpoint: Gibraltar,Toronto Defiant,Aztac,Beast,Heesu,Lastro,Logix,Michelle
37232,Watchpoint: Gibraltar,Vancouver Titans,Dalton,Fire,LiNkzr,Roolf,ShRedLock,frdwnr
37233,Eichenwalde,Los Angeles Gladiators,Birdring,MuZe,SPACE,kevster,moth,shu
37233,Eichenwalde,San Francisco Shock,Choihyobin,FDGod,STRIKER,Viol2t,nero,super
37233,Hanamura,Los Angeles Gladiators,MirroR,MuZe,SPACE,kevster,moth,shu
37233,Hanamura,San Francisco Shock,Choihyobin,FDGod,STRIKER,Viol2t,nero,super
37233,Ilios,Los Angeles Gladiators,MirroR,MuZe,SPACE,kevster,shu,skewed
37233,Ilios,San Francisco Shock,Choihyobin,FDGod,STRIKER,Viol2t,nero,super
37233,Watchpoint: Gibraltar,Los Angeles Gladiators,Birdring,MirroR,MuZe,kevster,shu,skewed
37233,Watchpoint: Gibraltar,San Francisco Shock,Choihyobin,FDGod,Glister,Twilight,Viol2t,smurf
37234,Busan,Dallas Fuel,Doha,FEARLESS,Fielder,Hanbin,Jecse,SP9RK1E
37234,Busan,Houston Outlaws,Crimzo,Danteh,Happy,JJANGGU,Joobi,Piggy
37234,Havana,Dallas Fuel,Doha,FEARLESS,Fielder,Hanbin,Rapel,SP9RK1E
37234,Havana,Houston Outlaws,Crimzo,Danteh,Happy,JJANGGU,Joobi,Piggy
37234,Ilios,Dallas Fuel,Doha,FEARLESS,Hanbin,Jecse,Rapel,SP9RK1E
37234,Ilios,Houston Outlaws,Crimzo,Danteh,Happy,JJANGGU,Joobi,Piggy
37234,King's Row,Dallas Fuel,Doha,FEARLESS,Hanbin,Jecse,Rapel,SP9RK1E
37234,King's Row,Houston Outlaws,Crimzo,Danteh,Happy,JJANGGU,Joobi,Piggy
37234,Volskaya Industries,Dallas Fuel,Doha,FEARLESS,Fielder,Hanbin,Jecse,SP9RK1E
37234,Volskaya Industries,Houston Outlaws,Crimzo,Danteh,Happy,JJANGGU,Joobi,Piggy
37235,Ilios,Chengdu Hunters,Elsa,Kaneki,Leave,Mmonk,Nisha,ga9A
37235,Ilios,Hangzhou Spark,Architect,BERNAR,Guxue,MCD,iDK,shy
37235,Numbani,Chengdu Hunters,Elsa,Kaneki,Leave,Mmonk,Nisha,ga9A
37235,Numbani,Hangzhou Spark,Architect,BERNAR,Guxue,MCD,iDK,shy
37235,Rialto,Chengdu Hunters,Elsa,Kaneki,Leave,Mmonk,Nisha,ga9A
37235,Rialto,Hangzhou Spark,Architect,BERNAR,Guxue,MCD,iDK,shy
37235,Volskaya Industries,Chengdu Hunters,Elsa,Kaneki,Leave,Mmonk,Nisha,ga9A
37235,Volskaya Industries,Hangzhou Spark,Architect,BERNAR,Guxue,MCD,iDK,shy
37236,Busan,Guangzhou Charge,ChoiSehwan,Cr0ng,Eileen,KariV,Mandu,Rio
37236,Busan,Seoul Dynasty,Anamo,Creative,Fits,Gesture,Profit,ToYou
37236,Numbani,Guangzhou Charge,ChoiSehwan,Cr0ng,Eileen,KariV,Mandu,Rio
37236,Numbani,Seoul Dynasty,Anamo,Creative,Fits,Gesture,Profit,ToYou
37236,Volskaya Industries,Guangzhou Charge,ChoiSehwan,Cr0ng,Eileen,KariV,Mandu,Rio
37236,Volskaya Industries,Seoul Dynasty,Anamo,Creative,Fits,Gesture,Profit,ToYou
37237,Nepal,Los Angeles Valiant,Highbee,Krystal,MoLanran,ShowCheng,Silver3,wya
37237,Nepal,Philadelphia Fusion,Alarm,HOTBA,Mano,Rascal,eqo,tobi
37237,Numbani,Los Angeles Valiant,Highbee,Krystal,MoLanran,ShowCheng,Silver3,wya
37237,Numbani,Philadelphia Fusion,Alarm,HOTBA,Mano,carpe,eqo,tobi
37237,Rialto,Los Angeles Valiant,Highbee,Krystal,MoLanran,ShowCheng,Silver3,wya
37237,Rialto,Philadelphia Fusion,Alarm,HOTBA,Mano,carpe,eqo,tobi
37237,Volskaya Industries,Los Angeles Valiant,Highbee,Krystal,MoLanran,ShowCheng,Silver3,wya
37237,Volskaya Industries,Philadelphia Fusion,Alarm,HOTBA,Mano,carpe,eqo,tobi
37238,Hanamura,Hangzhou Spark,Architect,BERNAR,Guxue,MCD,iDK,shy
37238,Hanamura,Los Angeles Valiant,Highbee,Krystal,MoLanran,ShowCheng,Silver3,wya
37238,Hollywood,Hangzhou Spark,Architect,BERNAR,Guxue,MCD,iDK,shy
37238,Hollywood,Los Angeles Valiant,Highbee,Krystal,MoLanran,ShowCheng,Silver3,wya
37238,Oasis,Hangzhou Spark,Architect,BERNAR,Guxue,MCD,iDK,shy
37238,Oasis,Los Angeles Valiant,Highbee,Krystal,MoLanran,ShowCheng,Silver3,wya
37239,Busan,Chengdu Hunters,Elsa,Jimmy,Leave,Mmonk,Yveltal,ga9A
37239,Busan,Seoul Dynasty,Anamo,Creative,Fits,Gesture,Profit,ToYou
37239,Dorado,Chengdu Hunters,Elsa,Jimmy,Leave,Mmonk,Yveltal,ga9A
37239,Dorado,Seoul Dynasty,Anamo,Creative,Fits,Gesture,Profit,ToYou
37239,Eichenwalde,Chengdu Hunters,Elsa,Kaneki,Leave,Mmonk,Nisha,ameng
37239,Eichenwalde,Seoul Dynasty,Anamo,Creative,Fits,Gesture,Profit,ToYou
37239,Nepal,Chengdu Hunters,Elsa,Kaneki,Leave,Mmonk,Nisha,ameng
37239,Nepal,Seoul Dynasty,Anamo,Creative,Fits,Gesture,Profit,ToYou
37239,Temple of Anubis,Chengdu Hunters,Elsa,Kaneki,Leave,Mmonk,Nisha,ameng
37239,Temple of Anubis,Seoul Dynasty,Anamo,Creative,Fits,Gesture,Profit,ToYou
37240,Hanamura,Guangzhou Charge,ChoiSehwan,Cr0ng,Eileen,KariV,Mandu,Rio
37240,Hanamura,Philadelphia Fusion,Alarm,HOTBA,Mano,carpe,eqo,tobi
37240,Hollywood,Guangzhou Charge,ChoiSehwan,Cr0ng,Eileen,KariV,Mandu,Rio
37240,Hollywood,Philadelphia Fusion,Alarm,HOTBA,Mano,carpe,eqo,tobi
37240,Junkertown,Guangzhou Charge,ChoiSehwan,Cr0ng,Eileen,KariV,Mandu,Rio
37240,Junkertown,Philadelphia Fusion,Alarm,HOTBA,Mano,carpe,eqo,tobi
37240,Oasis,Guangzhou Charge,ChoiSehwan,Cr0ng,Eileen,KariV,Mandu,Rio
37240,Oasis,Philadelphia Fusion,Alarm,HOTBA,Mano,Rascal,eqo,tobi
37241,Blizzard World,New York Excelsior,BiaNcA,FEATH5R,Flora,Friday,JJonak,Yakpung
37241,Blizzard World,Shanghai Dragons,Fate,Fleta,IZaYaKI,LeeJaeGon,Void,diem
37241,Ilios,New York Excelsior,BiaNcA,Flora,Friday,JJonak,Yakpung,ivy
37241,Ilios,Shanghai Dragons,Fate,Fleta,IZaYaKI,LIP,LeeJaeGon,Void
37241,Temple of Anubis,New York Excelsior,BiaNcA,Flora,Friday,JJonak,Yakpung,ivy
37241,Temple of Anubis,Shanghai Dragons,Fate,Fleta,IZaYaKI,LIP,LeeJaeGon,Void
37242,Blizzard World,Guangzhou Charge,ChoiSehwan,Cr0ng,Eileen,KariV,Mandu,Rio
37242,Blizzard World,Hangzhou Spark,Architect,BERNAR,Guxue,MCD,iDK,shy
37242,Oasis,Guangzhou Charge,ChoiSehwan,Cr0ng,Eileen,KariV,Mandu,Rio
37242,Oasis,Hangzhou Spark,Architect,BERNAR,Guxue,MCD,iDK,shy
37242,Temple of Anubis,Guangzhou Charge,ChoiSehwan,Cr0ng,KariV,MYKaylee,Mandu,Rio
37242,Temple of Anubis,Hangzhou Spark,Architect,BERNAR,Guxue,MCD,iDK,shy
37243,Blizzard World,Los Angeles Valiant,Highbee,Krystal,MoLanran,ShowCheng,Silver3,wya
37243,Blizzard World,Seoul Dynasty,Anamo,Creative,Fits,Gesture,Profit,ToYou
37243,Nepal,Los Angeles Valiant,Highbee,Krystal,MoLanran,ShowCheng,Silver3,wya
37243,Nepal,Seoul Dynasty,Anamo,Creative,Fits,Gesture,Profit,ToYou
37243,Temple of Anubis,Los Angeles Valiant,Highbee,Krystal,MoLanran,ShowCheng,Silver3,wya
37243,Temple of Anubis,Seoul Dynasty,Anamo,Creative,Fits,Gesture,Profit,ToYou
37244,Busan,Hangzhou Spark,Architect,BERNAR,Guxue,MCD,iDK,shy
37244,Busan,Shanghai Dragons,Fate,Fleta,IZaYaKI,LIP,LeeJaeGon,Void
37244,Havana,Hangzhou Spark,Architect,BERNAR,Guxue,MCD,iDK,shy
37244,Havana,Shanghai Dragons,Fate,Fleta,IZaYaKI,LeeJaeGon,Void,diem
37244,King's Row,Hangzhou Spark,Architect,BERNAR,Guxue,MCD,iDK,shy
37244,King's Row,Shanghai Dragons,Fate,Fleta,IZaYaKI,LeeJaeGon,Void,diem
37244,Nepal,Hangzhou Spark,BERNAR,Guxue,MCD,SeoMinSoo,iDK,shy
37244,Nepal,Shanghai Dragons,Fate,Fleta,IZaYaKI,LIP,LeeJaeGon,Void
37244,Volskaya Industries,Hangzhou Spark,Architect,BERNAR,Guxue,MCD,iDK,shy
37244,Volskaya Industries,Shanghai Dragons,Fate,Fleta,IZaYaKI,LeeJaeGon,Void,diem
37245,Eichenwalde,New York Excelsior,BiaNcA,Flora,Friday,JJonak,Yakpung,ivy
37245,Eichenwalde,Seoul Dynasty,Anamo,Creative,Fits,Gesture,Profit,ToYou
37245,Hanamura,New York Excelsior,BiaNcA,Flora,Friday,JJonak,Yakpung,ivy
37245,Hanamura,Seoul Dynasty,Anamo,Creative,Fits,Gesture,Profit,ToYou
37245,Lijiang Tower,New York Excelsior,BiaNcA,Flora,Friday,JJonak,Yakpung,ivy
37245,Lijiang Tower,Seoul Dynasty,Anamo,Creative,Fits,Marve1,Profit,ToYou
37246,Eichenwalde,Guangzhou Charge,ChoiSehwan,Cr0ng,Eileen,KariV,Mandu,Rio
37246,Eichenwalde,Los Angeles Valiant,Highbee,Krystal,MoLanran,ShowCheng,Silver3,wya
37246,Hanamura,Guangzhou Charge,ChoiSehwan,Cr0ng,Eileen,KariV,Mandu,Rio
37246,Hanamura,Los Angeles Valiant,Highbee,Krystal,MoLanran,ShowCheng,Silver3,wya
37246,Ilios,Guangzhou Charge,ChoiSehwan,Cr0ng,Eileen,Jihun,KariV,Mandu
37246,Ilios,Los Angeles Valiant,Highbee,Krystal,MoLanran,ShowCheng,Silver3,wya
37247,Havana,Chengdu Hunters,Elsa,Jimmy,Leave,Mmonk,Nisha,ga9A
37247,Havana,Philadelphia Fusion,Alarm,HOTBA,Mano,Rascal,carpe,tobi
37247,Ilios,Chengdu Hunters,Elsa,JinMu,Leave,Mmonk,Nisha,ga9A
37247,Ilios,Philadelphia Fusion,Alarm,HOTBA,Mano,Rascal,carpe,tobi
37247,King's Row,Chengdu Hunters,Elsa,JinMu,Leave,Mmonk,Nisha,ga9A
37247,King's Row,Philadelphia Fusion,Alarm,HOTBA,Mano,Rascal,carpe,tobi
37247,Volskaya Industries,Chengdu Hunters,Elsa,JinMu,Leave,Mmonk,Nisha,ga9A
37247,Volskaya Industries,Philadelphia Fusion,Alarm,HOTBA,Mano,Rascal,carpe,tobi
37248,Busan,Hangzhou Spark,Architect,BERNAR,GodsB,Guxue,MCD,iDK
37248,Busan,New York Excelsior,BiaNcA,Flora,Friday,JJonak,Yakpung,ivy
37248,Havana,Hangzhou Spark,Architect,BERNAR,GodsB,Guxue,MCD,iDK
37248,Havana,New York Excelsior,BiaNcA,Flora,Friday,JJonak,Yakpung,ivy
37248,King's Row,Hangzhou Spark,Architect,BERNAR,GodsB,Guxue,MCD,iDK
37248,King's Row,New York Excelsior,BiaNcA,Flora,Friday,JJonak,Yakpung,ivy
37248,Volskaya Industries,Hangzhou Spark,Architect,BERNAR,GodsB,Guxue,MCD,iDK
37248,Volskaya Industries,New York Excelsior,BiaNcA,Friday,Gwangboong,JJonak,Yakpung,ivy
37249,Eichenwalde,Hangzhou Spark,Architect,BERNAR,Guxue,MCD,iDK,shy
37249,Eichenwalde,Philadelphia Fusion,Alarm,HOTBA,Mano,Rascal,carpe,tobi
37249,Hanamura,Hangzhou Spark,Architect,BERNAR,GodsB,MCD,Takoyaki,iDK
37249,Hanamura,Philadelphia Fusion,Alarm,HOTBA,Mano,Rascal,carpe,tobi
37249,Lijiang Tower,Hangzhou Spark,Architect,BERNAR,Guxue,MCD,SeoMinSoo,iDK
37249,Lijiang Tower,Philadelphia Fusion,Alarm,HOTBA,Mano,Rascal,carpe,tobi
37249,Watchpoint: Gibraltar,Hangzhou Spark,Architect,BERNAR,GodsB,MCD,Takoyaki,iDK
37249,Watchpoint: Gibraltar,Philadelphia Fusion,Alarm,HOTBA,Mano,Rascal,carpe,tobi
37250,Dorado,Chengdu Hunters,Elsa,JinMu,Leave,Mmonk,Nisha,ga9A
37250,Dorado,New York Excelsior,BiaNcA,Flora,Friday,JJonak,Yakpung,ivy
37250,Nepal,Chengdu Hunters,Elsa,JinMu,Leave,Mmonk,Nisha,ga9A
37250,Nepal,New York Excelsior,BiaNcA,FEATH5R,Flora,Friday,JJonak,Yakpung
37250,Temple of Anubis,Chengdu Hunters,Elsa,Jimmy,Leave,Mmonk,Nisha,ga9A
37250,Temple of Anubis,New York Excelsior,BiaNcA,Flora,Friday,JJonak,Yakpung,ivy
37251,Busan,Los Angeles Valiant,Highbee,Krystal,MoLanran,ShowCheng,Silver3,wya
37251,Busan,Philadelphia Fusion,Alarm,HOTBA,Mano,Rascal,carpe,tobi
37251,Eichenwalde,Los Angeles Valiant,Highbee,Krystal,MoLanran,ShowCheng,Silver3,wya
37251,Eichenwalde,Philadelphia Fusion,Alarm,HOTBA,Mano,Rascal,carpe,tobi
37251,Watchpoint: Gibraltar,Los Angeles Valiant,Highbee,Krystal,MoLanran,ShowCheng,Silver3,wya
37251,Watchpoint: Gibraltar,Philadelphia Fusion,Alarm,HOTBA,Mano,Rascal,carpe,tobi
37252,Busan,Guangzhou Charge,ChoiSehwan,Cr0ng,Jihun,KariV,MYKaylee,Mandu
37252,Busan,Seoul Dynasty,Anamo,Creative,Fits,Gesture,Profit,ToYou
37252,Havana,Guangzhou Charge,ChoiSehwan,Cr0ng,KariV,MYKaylee,Mandu,Rio
37252,Havana,Seoul Dynasty,Anamo,Creative,Fits,Gesture,Profit,ToYou
37252,King's Row,Guangzhou Charge,ChoiSehwan,Cr0ng,KariV,MYKaylee,Mandu,Rio
37252,King's Row,Seoul Dynasty,Anamo,Creative,Fits,Gesture,Profit,ToYou
37253,Eichenwalde,Chengdu Hunters,Elsa,JinMu,Leave,Mmonk,Nisha,ga9A
37253,Eichenwalde,Shanghai Dragons,Fate,Fleta,IZaYaKI,LeeJaeGon,Void,diem
37253,Oasis,Chengdu Hunters,Elsa,JinMu,Leave,Mmonk,Nisha,ga9A
37253,Oasis,Shanghai Dragons,Fate,Fleta,IZaYaKI,LIP,LeeJaeGon,Void
37253,Watchpoint: Gibraltar,Chengdu Hunters,Elsa,Jimmy,Leave,Mmonk,Nisha,ga9A
37253,Watchpoint: Gibraltar,Shanghai Dragons,Fate,Fleta,IZaYaKI,LeeJaeGon,Void,diem
37254,Blizzard World,Philadelphia Fusion,Alarm,HOTBA,Mano,Rascal,carpe,tobi
37254,Blizzard World,Seoul Dynasty,Anamo,Creative,Fits,Gesture,Profit,ToYou
37254,Dorado,Philadelphia Fusion,Alarm,HOTBA,Mano,Rascal,carpe,tobi
37254,Dorado,Seoul Dynasty,Anamo,Creative,Fits,Gesture,Profit,ToYou
37254,Oasis,Philadelphia Fusion,Alarm,HOTBA,Mano,Rascal,carpe,tobi
37254,Oasis,Seoul Dynasty,Anamo,Creative,Fits,Gesture,Profit,ToYou
37254,Temple of Anubis,Philadelphia Fusion,Alarm,HOTBA,Mano,Rascal,carpe,tobi
37254,Temple of Anubis,Seoul Dynasty,Anamo,Creative,Fits,Gesture,Profit,ToYou
37255,Havana,Chengdu Hunters,Elsa,Jimmy,Leave,Mmonk,Nisha,ga9A
37255,Havana,Los Angeles Valiant,Highbee,Krystal,MoLanran,ShowCheng,Silver3,wya
37255,King's Row,Chengdu Hunters,Elsa,JinMu,Leave,Mmonk,Nisha,ga9A
37255,King's Row,Los Angeles Valiant,Highbee,Krystal,MoLanran,ShowCheng,Silver3,wya
37255,Lijiang Tower,Chengdu Hunters,Elsa,JinMu,Leave,Mmonk,Nisha,ga9A
37255,Lijiang Tower,Los Angeles Valiant,Highbee,Krystal,MoLanran,ShowCheng,Silver3,wya
37255,Volskaya Industries,Chengdu Hunters,Elsa,Jimmy,Leave,Mmonk,Nisha,ga9A
37255,Volskaya Industries,Los Angeles Valiant,Highbee,Krystal,MoLanran,ShowCheng,Silver3,wya
37256,Blizzard World,Guangzhou Charge,ChoiSehwan,Cr0ng,KariV,MYKaylee,Mandu,Rio
37256,Blizzard World,Shanghai Dragons,Fate,Fleta,IZaYaKI,LeeJaeGon,Void,diem
37256,Dorado,Guangzhou Charge,ChoiSehwan,Cr0ng,KariV,MYKaylee,Mandu,Rio
37256,Dorado,Shanghai Dragons,Fate,Fleta,IZaYaKI,LeeJaeGon,Void,diem
37256,Lijiang Tower,Guangzhou Charge,ChoiSehwan,Cr0ng,Jihun,KariV,MYKaylee,Mandu
37256,Lijiang Tower,Shanghai Dragons,Fate,Fleta,IZaYaKI,LIP,LeeJaeGon,Void
37256,Temple of Anubis,Guangzhou Charge,ChoiSehwan,Cr0ng,KariV,MYKaylee,Mandu,Rio
37256,Temple of Anubis,Shanghai Dragons,Fate,Fleta,IZaYaKI,LIP,LeeJaeGon,Void
37257,Busan,San Francisco Shock,Choihyobin,FDGod,STRIKER,Viol2t,nero,smurf
37257,Busan,Washington Justice,Assassin,BEBE,Closer,Decay,Fury,MAG
37257,Nepal,San Francisco Shock,Choihyobin,FDGod,STRIKER,Viol2t,nero,smurf
37257,Nepal,Washington Justice,Assassin,BEBE,Closer,Decay,Fury,MAG
37257,Numbani,San Francisco Shock,Choihyobin,FDGod,STRIKER,Viol2t,nero,smurf
37257,Numbani,Washington Justice,Assassin,BEBE,Closer,Decay,Fury,MAG
37257,Rialto,San Francisco Shock,Choihyobin,FDGod,Glister,Viol2t,nero,super
37257,Rialto,Washington Justice,Assassin,BEBE,Closer,Decay,Fury,MAG
37257,Volskaya Industries,San Francisco Shock,Choihyobin,FDGod,STRIKER,Viol2t,nero,smurf
37257,Volskaya Industries,Washington Justice,Assassin,BEBE,Closer,Decay,Fury,MAG
37258,Numbani,Dallas Fuel,Doha,FEARLESS,Fielder,Hanbin,Jecse,SP9RK1E
37258,Numbani,Vancouver Titans,ChangSik,Dalton,Fire,Roolf,Teru,frdwnr
37258,Oasis,Dallas Fuel,Doha,FEARLESS,Fielder,Hanbin,Jecse,SP9RK1E
37258,Oasis,Vancouver Titans,ChangSik,Dalton,Fire,Roolf,Teru,frdwnr
37258,Volskaya Industries,Dallas Fuel,Doha,FEARLESS,Fielder,Hanbin,Jecse,SP9RK1E
37258,Volskaya Industries,Vancouver Titans,ChangSik,Dalton,Fire,Roolf,Teru,frdwnr
37259,Hanamura,Los Angeles Gladiators,Birdring,MuZe,SPACE,kevster,moth,shu
37259,Hanamura,Paris Eternal,Daan,Kaan,Naga,Onigod,Vestola,dridro
37259,Hollywood,Los Angeles Gladiators,Birdring,MuZe,SPACE,kevster,shu,skewed
37259,Hollywood,Paris Eternal,Daan,Kaan,Naga,Onigod,Vestola,dridro
37259,Junkertown,Los Angeles Gladiators,Birdring,MuZe,SPACE,kevster,shu,skewed
37259,Junkertown,Paris Eternal,Daan,Kaan,Naga,Onigod,Vestola,dridro
37259,Lijiang Tower,Los Angeles Gladiators,Birdring,MuZe,SPACE,kevster,moth,shu
37259,Lijiang Tower,Paris Eternal,Daan,Kaan,Naga,Onigod,Vestola,dridro
37260,Eichenwalde,Florida Mayhem,GARGOYLE,GangNamJin,OGE,SLIME,Yaki,bqb
37260,Eichenwalde,Washington Justice,Assassin,BEBE,Closer,Decay,Fury,MAG
37260,Oasis,Florida Mayhem,GARGOYLE,GangNamJin,OGE,SLIME,Yaki,bqb
37260,Oasis,Washington Justice,Assassin,BEBE,Closer,Decay,Fury,MAG
37260,Temple of Anubis,Florida Mayhem,GARGOYLE,GangNamJin,OGE,SLIME,Yaki,bqb
37260,Temple of Anubis,Washington Justice,Assassin,BEBE,Closer,Decay,Fury,MAG
37261,Hanamura,San Francisco Shock,Choihyobin,FDGod,STRIKER,Viol2t,nero,smurf
37261,Hanamura,Vancouver Titans,ChangSik,Dalton,Fire,Roolf,Teru,frdwnr
37261,Hollywood,San Francisco Shock,Choihyobin,FDGod,Glister,Viol2t,nero,super
37261,Hollywood,Vancouver Titans,ChangSik,Dalton,Fire,Roolf,Teru,frdwnr
37261,Lijiang Tower,San Francisco Shock,Choihyobin,FDGod,STRIKER,Viol2t,nero,smurf
37261,Lijiang Tower,Vancouver Titans,ChangSik,Dalton,Fire,Roolf,Teru,frdwnr
37262,Dorado,Boston Uprising,Faith,GaeBullSsi,Myunb0ng,Stand1,Valentine,im37
37262,Dorado,Los Angeles Gladiators,Birdring,MuZe,SPACE,kevster,shu,skewed
37262,Eichenwalde,Boston Uprising,Faith,GaeBullSsi,Myunb0ng,Stand1,Valentine,im37
37262,Eichenwalde,Los Angeles Gladiators,Birdring,MuZe,SPACE,kevster,moth,shu
37262,Oasis,Boston Uprising,Faith,GaeBullSsi,Myunb0ng,Stand1,Valentine,im37
37262,Oasis,Los Angeles Gladiators,Birdring,MuZe,SPACE,kevster,moth,shu
37262,Temple of Anubis,Boston Uprising,Faith,GaeBullSsi,Myunb0ng,Stand1,Valentine,im37
37262,Temple of Anubis,Los Angeles Gladiators,Birdring,MuZe,SPACE,kevster,moth,shu
37263,Hanamura,Dallas Fuel,Doha,FEARLESS,Fielder,Hanbin,Jecse,SP9RK1E
37263,Hanamura,Florida Mayhem,GARGOYLE,GangNamJin,OGE,SLIME,Yaki,bqb
37263,Hollywood,Dallas Fuel,Doha,FEARLESS,Fielder,Hanbin,Jecse,SP9RK1E
37263,Hollywood,Florida Mayhem,GARGOYLE,GangNamJin,OGE,SLIME,Yaki,bqb
37263,Junkertown,Dallas Fuel,Doha,FEARLESS,Fielder,Hanbin,Jecse,SP9RK1E
37263,Junkertown,Florida Mayhem,GARGOYLE,GangNamJin,OGE,SLIME,Yaki,bqb
37263,Lijiang Tower,Dallas Fuel,Doha,FEARLESS,Fielder,Hanbin,Jecse,SP9RK1E
37263,Lijiang Tower,Florida Mayhem,GARGOYLE,GangNamJin,OGE,SLIME,Yaki,bqb
37263,Oasis,Dallas Fuel,Doha,FEARLESS,Fielder,Hanbin,Jecse,SP9RK1E
37263,Oasis,Florida Mayhem,GARGOYLE,GangNamJin,OGE,SLIME,Yaki,bqb
37264,Busan,Boston Uprising,Faith,GaeBullSsi,Myunb0ng,Stand1,Valentine,im37
37264,Busan,Paris Eternal,Daan,Kaan,Naga,Onigod,Vestola,dridro
37264,Nepal,Boston Uprising,Faith,GaeBullSsi,Myunb0ng,Stand1,Valentine,im37
37264,Nepal,Paris Eternal,Daan,Kaan,Naga,Onigod,Vestola,dridro
37264,Numbani,Boston Uprising,Faith,GaeBullSsi,Myunb0ng,Stand1,Valentine,im37
37264,Numbani,Paris Eternal,Daan,Kaan,Naga,Onigod,Vestola,dridro
37264,Rialto,Boston Uprising,Faith,Myunb0ng,Stand1,Valentine,im37,punk
37264,Rialto,Paris Eternal,Daan,Kaan,Naga,Onigod,Vestola,dridro
37264,Volskaya Industries,Boston Uprising,Faith,GaeBullSsi,Myunb0ng,Stand1,Valentine,im37
37264,Volskaya Industries,Paris Eternal,Daan,Kaan,Naga,Onigod,Vestola,dridro
37265,Busan,Dallas Fuel,Doha,FEARLESS,Fielder,Hanbin,Jecse,SP9RK1E
37265,Busan,San Francisco Shock,Choihyobin,FDGod,STRIKER,Viol2t,nero,smurf
37265,Dorado,Dallas Fuel,Doha,FEARLESS,Fielder,Hanbin,Jecse,SP9RK1E
37265,Dorado,San Francisco Shock,Choihyobin,Glister,Twilight,Viol2t,nero,smurf
37265,Eichenwalde,Dallas Fuel,Doha,FEARLESS,Fielder,Hanbin,Jecse,SP9RK1E
37265,Eichenwalde,San Francisco Shock,Choihyobin,STRIKER,Twilight,Viol2t,nero,smurf
37265,Ilios,Dallas Fuel,Doha,FEARLESS,Fielder,Hanbin,Jecse,SP9RK1E
37265,Ilios,San Francisco Shock,Choihyobin,FDGod,STRIKER,Viol2t,nero,smurf
37265,Temple of Anubis,Dallas Fuel,Doha,FEARLESS,Fielder,Hanbin,Jecse,SP9RK1E
37265,Temple of Anubis,San Francisco Shock,Choihyobin,FDGod,STRIKER,Viol2t,nero,smurf
37266,Dorado,Atlanta Reign,Gator,Hawk,Kai,Masaa,PELICAN,ir1s
37266,Dorado,Vancouver Titans,ChangSik,Fire,LiNkzr,Roolf,Teru,frdwnr
37266,Nepal,Atlanta Reign,Gator,Hawk,Kai,Masaa,PELICAN,ir1s
37266,Nepal,Vancouver Titans,ChangSik,Fire,LiNkzr,Roolf,Teru,frdwnr
37266,Temple of Anubis,Atlanta Reign,Gator,Hawk,Kai,Masaa,PELICAN,ir1s
37266,Temple of Anubis,Vancouver Titans,ChangSik,Fire,LiNkzr,Roolf,Teru,frdwnr
37267,Lijiang Tower,Houston Outlaws,Crimzo,DREAMER,Danteh,Happy,Joobi,Piggy
37267,Lijiang Tower,Toronto Defiant,ANSOONJAE,Aspire,Lastro,Michelle,Na1st,SADO
37267,Numbani,Houston Outlaws,Crimzo,DREAMER,Danteh,Happy,Joobi,Piggy
37267,Numbani,Toronto Defiant,ANSOONJAE,Aspire,Lastro,Michelle,Na1st,SADO
37267,Rialto,Houston Outlaws,Crimzo,Danteh,Happy,JJANGGU,Jake,Piggy
37267,Rialto,Toronto Defiant,ANSOONJAE,Aspire,Lastro,Michelle,Na1st,SADO
37267,Volskaya Industries,Houston Outlaws,Crimzo,Danteh,Happy,JJANGGU,Joobi,Piggy
37267,Volskaya Industries,Toronto Defiant,ANSOONJAE,Aspire,Lastro,Michelle,Na1st,SADO
37268,Busan,Atlanta Reign,Gator,Hawk,Kai,Masaa,PELICAN,ir1s
37268,Busan,Los Angeles Gladiators,Birdring,MuZe,SPACE,kevster,moth,shu
37268,Numbani,Atlanta Reign,Gator,Hawk,Kai,Masaa,PELICAN,ir1s
37268,Numbani,Los Angeles Gladiators,Birdring,MuZe,SPACE,kevster,moth,shu
37268,Rialto,Atlanta Reign,Gator,Hawk,Kai,Masaa,PELICAN,ir1s
37268,Rialto,Los Angeles Gladiators,Birdring,MuZe,SPACE,kevster,shu,skewed
37268,Volskaya Industries,Atlanta Reign,Gator,Hawk,Kai,Masaa,PELICAN,ir1s
37268,Volskaya Industries,Los Angeles Gladiators,Birdring,MuZe,SPACE,kevster,moth,shu
37269,Hanamura,San Francisco Shock,Choihyobin,FDGod,STRIKER,Viol2t,nero,smurf
37269,Hanamura,Toronto Defiant,ANSOONJAE,Aspire,Lastro,Michelle,Na1st,SADO
37269,Hollywood,San Francisco Shock,Choihyobin,FDGod,Glister,Viol2t,nero,smurf
37269,Hollywood,Toronto Defiant,ANSOONJAE,Aspire,Lastro,Michelle,Na1st,SADO
37269,Junkertown,San Francisco Shock,Choihyobin,FDGod,Glister,Viol2t,nero,smurf
37269,Junkertown,Toronto Defiant,ANSOONJAE,Aspire,Lastro,Michelle,Na1st,SADO
37269,Oasis,San Francisco Shock,Choihyobin,FDGod,STRIKER,Viol2t,nero,smurf
37269,Oasis,Toronto Defiant,ANSOONJAE,Aspire,Lastro,Michelle,Na1st,SADO
37270,Dorado,Houston Outlaws,Crimzo,Danteh,Happy,JJANGGU,Jake,Piggy
37270,Dorado,London Spitfire,Hadi,Hybrid,Kellex,Molf1g,Ripa,blase
37270,Oasis,Houston Outlaws,Crimzo,DREAMER,Danteh,Happy,Joobi,Piggy
37270,Oasis,London Spitfire,Hadi,Kellex,Molf1g,Ripa,Shax,blase
37270,Temple of Anubis,Houston Outlaws,Crimzo,Danteh,JJANGGU,Jake,Joobi,Piggy
37270,Temple of Anubis,London Spitfire,Hadi,Kellex,Molf1g,Ripa,Shax,blase
37271,Hanamura,Los Angeles Gladiators,Birdring,MuZe,SPACE,kevster,moth,shu
37271,Hanamura,Vancouver Titans,ChangSik,Fire,LiNkzr,Roolf,Teru,frdwnr
37271,Ilios,Los Angeles Gladiators,Birdring,MuZe,SPACE,kevster,shu,skewed
37271,Ilios,Vancouver Titans,ChangSik,Fire,LiNkzr,Roolf,Teru,frdwnr
37271,Junkertown,Los Angeles Gladiators,Birdring,MuZe,SPACE,kevster,shu,skewed
37271,Junkertown,Vancouver Titans,ChangSik,Fire,LiNkzr,Roolf,Teru,frdwnr
37272,Hanamura,Dallas Fuel,Doha,FEARLESS,Fielder,Hanbin,Jecse,SP9RK1E
37272,Hanamura,London Spitfire,Hadi,Kellex,Molf1g,Ripa,Shax,blase
37272,Junkertown,Dallas Fuel,Doha,FEARLESS,Fielder,Hanbin,Jecse,SP9RK1E
37272,Junkertown,London Spitfire,Hadi,Hybrid,Kellex,Molf1g,Ripa,blase
37272,Nepal,Dallas Fuel,Doha,FEARLESS,Fielder,Hanbin,Jecse,SP9RK1E
37272,Nepal,London Spitfire,Hadi,Kellex,Molf1g,Ripa,Shax,blase
37273,Busan,Florida Mayhem,GARGOYLE,GangNamJin,OGE,SLIME,Yaki,bqb
37273,Busan,Houston Outlaws,Crimzo,DREAMER,Danteh,Happy,Joobi,Piggy
37273,Dorado,Florida Mayhem,GARGOYLE,GangNamJin,OGE,SLIME,Yaki,bqb
37273,Dorado,Houston Outlaws,Crimzo,DREAMER,Danteh,Happy,Jake,Piggy
37273,Eichenwalde,Florida Mayhem,GARGOYLE,GangNamJin,OGE,SLIME,Yaki,bqb
37273,Eichenwalde,Houston Outlaws,Crimzo,DREAMER,Danteh,Happy,Jake,Piggy
37273,Temple of Anubis,Florida Mayhem,GARGOYLE,GangNamJin,OGE,SLIME,Yaki,bqb
37273,Temple of Anubis,Houston Outlaws,Crimzo,DREAMER,Danteh,Jake,Joobi,Piggy
37274,Hollywood,Boston Uprising,Faith,Myunb0ng,Stand1,Valentine,im37,punk
37274,Hollywood,Washington Justice,Assassin,BEBE,Closer,Fury,Jerry,MAG
37274,Junkertown,Boston Uprising,Faith,GaeBullSsi,Myunb0ng,Stand1,Valentine,im37
37274,Junkertown,Washington Justice,Assassin,BEBE,Closer,Fury,Jerry,MAG
37274,Lijiang Tower,Boston Uprising,Faith,GaeBullSsi,Myunb0ng,Stand1,Valentine,im37
37274,Lijiang Tower,Washington Justice,Assassin,BEBE,Closer,Fury,Jerry,MAG
37275,Dorado,Atlanta Reign,Gator,Hawk,Kai,Masaa,PELICAN,ir1s
37275,Dorado,London Spitfire,Hadi,Hybrid,Kellex,Molf1g,Ripa,blase
37275,Eichenwalde,Atlanta Reign,Gator,Hawk,Kai,Masaa,PELICAN,ir1s
37275,Eichenwalde,London Spitfire,Hadi,Kellex,Molf1g,Ripa,Shax,blase
37275,Lijiang Tower,Atlanta Reign,Edison,Gator,Hawk,Masaa,PELICAN,ir1s
37275,Lijiang Tower,London Spitfire,Hadi,Hybrid,Kellex,Molf1g,Ripa,blase
37276,Ilios,Boston Uprising,Faith,GaeBullSsi,Myunb0ng,Stand1,Valentine,im37
37276,Ilios,Toronto Defiant,ANSOONJAE,Heesu,Lastro,Michelle,Na1st,SADO
37276,Numbani,Boston Uprising,Faith,GaeBullSsi,Myunb0ng,Stand1,Valentine,im37
37276,Numbani,Toronto Defiant,ANSOONJAE,Heesu,Lastro,Michelle,Na1st,SADO
37276,Rialto,Boston Uprising,Faith,GaeBullSsi,Myunb0ng,Stand1,Valentine,im37
37276,Rialto,Toronto Defiant,ANSOONJAE,Heesu,Lastro,Michelle,Na1st,SADO
37277,Hanamura,Atlanta Reign,Gator,Hawk,Kai,Masaa,PELICAN,ir1s
37277,Hanamura,Houston Outlaws,Crimzo,DREAMER,Danteh,Happy,Joobi,Piggy
37277,Hollywood,Atlanta Reign,Gator,Hawk,Kai,Masaa,PELICAN,ir1s
37277,Hollywood,Houston Outlaws,Crimzo,DREAMER,Danteh,Happy,Joobi,Piggy
37277,Ilios,Atlanta Reign,Gator,Hawk,Kai,Masaa,PELICAN,ir1s
37277,Ilios,Houston Outlaws,Crimzo,DREAMER,Danteh,Happy,Joobi,Piggy
37277,Junkertown,Atlanta Reign,Gator,Hawk,Kai,Masaa,PELICAN,ir1s
37277,Junkertown,Houston Outlaws,Crimzo,Danteh,Happy,JJANGGU,Jake,Piggy
37278,Ilios,Paris Eternal,Daan,ELLIVOTE,Kaan,Naga,Onigod,dridro
37278,Ilios,Washington Justice,Assassin,BEBE,Closer,Fury,Jerry,MAG
37278,Lijiang Tower,Paris Eternal,Daan,ELLIVOTE,Kaan,Naga,Onigod,dridro
37278,Lijiang Tower,Washington Justice,Assassin,BEBE,Closer,Fury,Jerry,MAG
37278,Numbani,Paris Eternal,Daan,ELLIVOTE,Kaan,Naga,Onigod,dridro
37278,Numbani,Washington Justice,Assassin,BEBE,Closer,Fury,Jerry,MAG
37278,Rialto,Paris Eternal,Daan,ELLIVOTE,Kaan,Naga,Onigod,dridro
37278,Rialto,Washington Justice,Assassin,BEBE,Closer,Fury,Jerry,MAG
37278,Volskaya Industries,Paris Eternal,Daan,ELLIVOTE,Kaan,Naga,Onigod,dridro
37278,Volskaya Industries,Washington Justice,Assassin,BEBE,Closer,Fury,Jerry,MAG
37279,Ilios,Florida Mayhem,GARGOYLE,GangNamJin,OGE,SLIME,Yaki,bqb
37279,Ilios,London Spitfire,Hadi,Hybrid,Kellex,Molf1g,Ripa,blase
37279,Numbani,Florida Mayhem,GARGOYLE,GangNamJin,OGE,SLIME,Yaki,bqb
37279,Numbani,London Spitfire,Hadi,Hybrid,Kellex,Molf1g,Ripa,blase
37279,Rialto,Florida Mayhem,GARGOYLE,GangNamJin,OGE,SLIME,Yaki,bqb
37279,Rialto,London Spitfire,Hadi,Hybrid,Kellex,Molf1g,Ripa,blase
37279,Volskaya Industries,Florida Mayhem,GARGOYLE,GangNamJin,OGE,SLIME,Yaki,bqb
37279,Volskaya Industries,London Spitfire,Hadi,Hybrid,Kellex,Molf1g,Ripa,blase
37280,Busan,Paris Eternal,Daan,ELLIVOTE,Kaan,Naga,Onigod,dridro
37280,Busan,Toronto Defiant,ANSOONJAE,Heesu,Lastro,Michelle,Na1st,SADO
37280,Dorado,Paris Eternal,Daan,ELLIVOTE,Kaan,Naga,Onigod,dridro
37280,Dorado,Toronto Defiant,ANSOONJAE,Heesu,Lastro,Michelle,Na1st,SADO
37280,Eichenwalde,Paris Eternal,Daan,ELLIVOTE,Kaan,Naga,Onigod,dridro
37280,Eichenwalde,Toronto Defiant,ANSOONJAE,Heesu,Lastro,Michelle,Na1st,SADO
37280,Temple of Anubis,Paris Eternal,Daan,ELLIVOTE,Kaan,Naga,Onigod,dridro
37280,Temple of Anubis,Toronto Defiant,ANSOONJAE,Heesu,Lastro,Michelle,Na1st,SADO
37281,Dorado,Seoul Dynasty,Anamo,Creative,Fits,Gesture,Marve1,Profit
37281,Dorado,Shanghai Dragons,Fate,Fleta,IZaYaKI,LIP,LeeJaeGon,Void
37281,Eichenwalde,Seoul Dynasty,Anamo,Creative,Fits,Gesture,Marve1,Profit
37281,Eichenwalde,Shanghai Dragons,Fate,Fleta,IZaYaKI,LIP,LeeJaeGon,Void
37281,Lijiang Tower,Seoul Dynasty,Anamo,Creative,Fits,Gesture,Marve1,Profit
37281,Lijiang Tower,Shanghai Dragons,Fate,Fleta,IZaYaKI,LIP,LeeJaeGon,Void
37281,Temple of Anubis,Seoul Dynasty,Anamo,Creative,Fits,Gesture,Marve1,Profit
37281,Temple of Anubis,Shanghai Dragons,Fate,Fleta,IZaYaKI,LIP,LeeJaeGon,Void
37282,Dorado,Los Angeles Valiant,Highbee,Krystal,MoLanran,ShowCheng,Silver3,wya
37282,Dorado,New York Excelsior,BiaNcA,FEATH5R,Flora,Friday,JJonak,Yakpung
37282,Ilios,Los Angeles Valiant,Highbee,Krystal,MoLanran,ShowCheng,Silver3,wya
37282,Ilios,New York Excelsior,BiaNcA,FEATH5R,Flora,Friday,JJonak,Yakpung
37282,Temple of Anubis,Los Angeles Valiant,Highbee,Krystal,MoLanran,ShowCheng,Silver3,wya
37282,Temple of Anubis,New York Excelsior,BiaNcA,FEATH5R,Flora,Friday,JJonak,Yakpung
37283,Hanamura,New York Excelsior,BiaNcA,FEATH5R,Flora,Friday,JJonak,Yakpung
37283,Hanamura,Seoul Dynasty,Anamo,Creative,Fits,Gesture,Marve1,Profit
37283,Hollywood,New York Excelsior,BiaNcA,FEATH5R,Flora,Friday,JJonak,Yakpung
37283,Hollywood,Seoul Dynasty,Anamo,Creative,Fits,Gesture,Marve1,Profit
37283,Junkertown,New York Excelsior,BiaNcA,Friday,Gwangboong,JJonak,Yakpung,ivy
37283,Junkertown,Seoul Dynasty,Anamo,Creative,Fits,Gesture,Marve1,Profit
37283,Oasis,New York Excelsior,BiaNcA,FEATH5R,Flora,Friday,JJonak,Yakpung
37283,Oasis,Seoul Dynasty,Anamo,Creative,Fits,Gesture,Marve1,Profit
37284,Busan,Los Angeles Valiant,Highbee,Krystal,MoLanran,ShowCheng,Silver3,wya
37284,Busan,Shanghai Dragons,Fate,LIP,LeeJaeGon,Molly,Void,WhoRu
37284,Numbani,Los Angeles Valiant,Highbee,Krystal,MoLanran,ShowCheng,Silver3,wya
37284,Numbani,Shanghai Dragons,Fate,Fleta,LIP,LeeJaeGon,Molly,Void
37284,Rialto,Los Angeles Valiant,Highbee,Krystal,MoLanran,ShowCheng,Silver3,wya
37284,Rialto,Shanghai Dragons,Fate,Fleta,LIP,LeeJaeGon,Molly,Void
37284,Volskaya Industries,Los Angeles Valiant,Highbee,Krystal,MoLanran,ShowCheng,Silver3,wya
37284,Volskaya Industries,Shanghai Dragons,Fate,Fleta,LIP,LeeJaeGon,Molly,Void
37285,Busan,Chengdu Hunters,Elsa,Jimmy,Leave,Mmonk,Nisha,ga9A
37285,Busan,Philadelphia Fusion,Alarm,HOTBA,Mano,Rascal,carpe,tobi
37285,Dorado,Chengdu Hunters,Elsa,Jimmy,Leave,Mmonk,Nisha,ga9A
37285,Dorado,Philadelphia Fusion,Alarm,HOTBA,Mano,Rascal,carpe,tobi
37285,Eichenwalde,Chengdu Hunters,Elsa,Jimmy,Leave,Mmonk,Nisha,ga9A
37285,Eichenwalde,Philadelphia Fusion,Alarm,HOTBA,Mano,Rascal,carpe,tobi
37285,Ilios,Chengdu Hunters,Elsa,Farway1987,Jimmy,Leave,Yveltal,ga9A
37285,Ilios,Philadelphia Fusion,Alarm,HOTBA,Mano,Rascal,carpe,tobi
37285,Temple of Anubis,Chengdu Hunters,Elsa,Jimmy,Leave,Mmonk,Nisha,ga9A
37285,Temple of Anubis,Philadelphia Fusion,Alarm,HOTBA,Mano,Rascal,carpe,tobi
37286,Hanamura,Guangzhou Charge,ChoiSehwan,Cr0ng,Eileen,KariV,Mandu,Rio
37286,Hanamura,New York Excelsior,BiaNcA,FEATH5R,Flora,Friday,JJonak,Yakpung
37286,Hollywood,Guangzhou Charge,ChoiSehwan,Cr0ng,Eileen,KariV,Mandu,Rio
37286,Hollywood,New York Excelsior,BiaNcA,FEATH5R,Flora,Friday,JJonak,Yakpung
37286,Junkertown,Guangzhou Charge,ChoiSehwan,Cr0ng,KariV,MYKaylee,Mandu,Rio
37286,Junkertown,New York Excelsior,BiaNcA,Friday,Gwangboong,JJonak,Yakpung,ivy
37286,Nepal,Guangzhou Charge,ChoiSehwan,Cr0ng,Eileen,Jihun,KariV,Mandu
37286,Nepal,New York Excelsior,BiaNcA,FEATH5R,Flora,Friday,JJonak,Yakpung
37287,Nepal,Hangzhou Spark,Architect,BERNAR,Guxue,MCD,iDK,shy
37287,Nepal,Shanghai Dragons,Fate,Fleta,IZaYaKI,LIP,LeeJaeGon,Void
37287,Numbani,Hangzhou Spark,Architect,BERNAR,Guxue,MCD,iDK,shy
37287,Numbani,Shanghai Dragons,Fate,Fleta,IZaYaKI,LIP,LeeJaeGon,Void
37287,Rialto,Hangzhou Spark,Architect,BERNAR,Guxue,MCD,iDK,shy
37287,Rialto,Shanghai Dragons,Fate,Fleta,IZaYaKI,LIP,LeeJaeGon,Void
37288,Lijiang Tower,New York Excelsior,BiaNcA,FEATH5R,Flora,Friday,JJonak,Yakpung
37288,Lijiang Tower,Philadelphia Fusion,Alarm,HOTBA,Mano,Rascal,carpe,tobi
37288,Numbani,New York Excelsior,BiaNcA,FEATH5R,Flora,Friday,JJonak,Yakpung
37288,Numbani,Philadelphia Fusion,Alarm,HOTBA,Mano,Rascal,carpe,tobi
37288,Rialto,New York Excelsior,BiaNcA,FEATH5R,Flora,Friday,JJonak,Yakpung
37288,Rialto,Philadelphia Fusion,Alarm,HOTBA,Mano,Rascal,carpe,tobi
37288,Volskaya Industries,New York Excelsior,BiaNcA,FEATH5R,Flora,Friday,JJonak,Yakpung
37288,Volskaya Industries,Philadelphia Fusion,Alarm,HOTBA,Mano,Rascal,carpe,tobi
37289,Hollywood,Chengdu Hunters,Elsa,JinMu,Leave,Mmonk,Nisha,ga9A
37289,Hollywood,Shanghai Dragons,Fate,Fleta,IZaYaKI,LIP,LeeJaeGon,Void
37289,Junkertown,Chengdu Hunters,Elsa,Farway1987,Jimmy,Leave,Yveltal,ga9A
37289,Junkertown,Shanghai Dragons,Fate,Fleta,IZaYaKI,LIP,LeeJaeGon,Void
37289,Oasis,Chengdu Hunters,Elsa,JinMu,Leave,Mmonk,Nisha,ga9A
37289,Oasis,Shanghai Dragons,Fate,Fleta,IZaYaKI,LIP,LeeJaeGon,Void
37290,Dorado,Guangzhou Charge,ChoiSehwan,Cr0ng,Jihun,KariV,MYKaylee,Mandu
37290,Dorado,Hangzhou Spark,Architect,BERNAR,Guxue,MCD,iDK,shy
37290,Eichenwalde,Guangzhou Charge,ChoiSehwan,Cr0ng,KariV,MYKaylee,Mandu,Rio
37290,Eichenwalde,Hangzhou Spark,Architect,BERNAR,Guxue,MCD,iDK,shy
37290,Lijiang Tower,Guangzhou Charge,ChoiSehwan,Cr0ng,Eileen,Jihun,KariV,Mandu
37290,Lijiang Tower,Hangzhou Spark,Architect,BERNAR,Guxue,MCD,iDK,shy
37290,Temple of Anubis,Guangzhou Charge,ChoiSehwan,Cr0ng,Eileen,KariV,Mandu,Rio
37290,Temple of Anubis,Hangzhou Spark,Architect,BERNAR,Guxue,MCD,iDK,shy
37291,Busan,Los Angeles Gladiators,Birdring,MuZe,SPACE,kevster,shu,skewed
37291,Busan,Washington Justice,Assassin,BEBE,Closer,Decay,Fury,MAG
37291,Hanamura,Los Angeles Gladiators,MirroR,MuZe,SPACE,kevster,shu,skewed
37291,Hanamura,Washington Justice,Assassin,BEBE,Decay,Fury,MAG,Ttuba
37291,Hollywood,Los Angeles Gladiators,MirroR,MuZe,SPACE,kevster,shu,skewed
37291,Hollywood,Washington Justice,Assassin,BEBE,Decay,Fury,MAG,Ttuba
37291,Nepal,Los Angeles Gladiators,Birdring,MirroR,MuZe,SPACE,moth,shu
37291,Nepal,Washington Justice,Assassin,BEBE,Closer,Decay,Fury,MAG
37291,Watchpoint: Gibraltar,Los Angeles Gladiators,Birdring,MuZe,SPACE,kevster,shu,skewed
37291,Watchpoint: Gibraltar,Washington Justice,BEBE,Decay,Fury,Jerry,MAG,Ttuba
37292,Busan,Dallas Fuel,Doha,FEARLESS,Fielder,Hanbin,Jecse,SP9RK1E
37292,Busan,Toronto Defiant,ANSOONJAE,Aspire,Heesu,Lastro,Michelle,SADO
37292,Junkertown,Dallas Fuel,Doha,FEARLESS,Fielder,Hanbin,Jecse,SP9RK1E
37292,Junkertown,Toronto Defiant,ANSOONJAE,Heesu,Lastro,Michelle,Na1st,SADO
37292,King's Row,Dallas Fuel,Doha,FEARLESS,Fielder,Hanbin,Jecse,SP9RK1E
37292,King's Row,Toronto Defiant,ANSOONJAE,Heesu,Lastro,Michelle,Na1st,SADO
37292,Volskaya Industries,Dallas Fuel,Doha,FEARLESS,Fielder,Hanbin,Jecse,SP9RK1E
37292,Volskaya Industries,Toronto Defiant,ANSOONJAE,Aspire,Heesu,Lastro,Michelle,SADO
37293,Hanamura,Atlanta Reign,Edison,Gator,Hawk,Masaa,PELICAN,ir1s
37293,Hanamura,Boston Uprising,Faith,Myunb0ng,Stand1,Valentine,im37,punk
37293,Hollywood,Atlanta Reign,Gator,Hawk,Kai,Masaa,PELICAN,ir1s
37293,Hollywood,Boston Uprising,Faith,Myunb0ng,Stand1,Valentine,im37,punk
37293,Lijiang Tower,Atlanta Reign,Edison,Gator,Hawk,Masaa,PELICAN,ir1s
37293,Lijiang Tower,Boston Uprising,Faith,Myunb0ng,Stand1,Valentine,im37,punk
37294,Hanamura,Dallas Fuel,Doha,FEARLESS,Fielder,Hanbin,Jecse,SP9RK1E
37294,Hanamura,Houston Outlaws,Crimzo,Danteh,Happy,JJANGGU,Joobi,Piggy
37294,Hollywood,Dallas Fuel,Doha,FEARLESS,Fielder,Hanbin,Jecse,SP9RK1E
37294,Hollywood,Houston Outlaws,Crimzo,Danteh,Happy,JJANGGU,Joobi,Piggy
37294,Oasis,Dallas Fuel,Doha,FEARLESS,Fielder,Hanbin,Jecse,SP9RK1E
37294,Oasis,Houston Outlaws,Crimzo,Danteh,Happy,JJANGGU,Joobi,Piggy
37294,Watchpoint: Gibraltar,Dallas Fuel,Doha,FEARLESS,Fielder,Hanbin,Jecse,SP9RK1E
37294,Watchpoint: Gibraltar,Houston Outlaws,Crimzo,Danteh,Happy,JJANGGU,Joobi,Piggy
37295,Eichenwalde,Los Angeles Gladiators,MirroR,MuZe,SPACE,kevster,shu,skewed
37295,Eichenwalde,Toronto Defiant,ANSOONJAE,Aspire,Aztac,Heesu,Lastro,SADO
37295,Lijiang Tower,Los Angeles Gladiators,Birdring,MirroR,MuZe,SPACE,moth,shu
37295,Lijiang Tower,Toronto Defiant,ANSOONJAE,Aspire,Heesu,Lastro,Michelle,SADO
37295,Temple of Anubis,Los Angeles Gladiators,MirroR,MuZe,SPACE,kevster,shu,skewed
37295,Temple of Anubis,Toronto Defiant,ANSOONJAE,Aspire,Aztac,Heesu,Lastro,SADO
37296,Eichenwalde,London Spitfire,Hadi,Kellex,Molf1g,Ripa,SparkR,blase
37296,Eichenwalde,Washington Justice,Assassin,BEBE,Decay,Fury,MAG,Ttuba
37296,Lijiang Tower,London Spitfire,Hadi,Kellex,Molf1g,Ripa,SparkR,blase
37296,Lijiang Tower,Washington Justice,Assassin,BEBE,Closer,Decay,Fury,MAG
37296,Temple of Anubis,London Spitfire,Hadi,Kellex,Molf1g,Ripa,SparkR,blase
37296,Temple of Anubis,Washington Justice,Assassin,BEBE,Closer,Decay,Fury,MAG
37297,Eichenwalde,Boston Uprising,Faith,Myunb0ng,Stand1,Valentine,im37,punk
37297,Eichenwalde,Houston Outlaws,Crimzo,Danteh,Happy,JJANGGU,Joobi,Piggy
37297,Ilios,Boston Uprising,Faith,Myunb0ng,Stand1,Valentine,im37,punk
37297,Ilios,Houston Outlaws,Crimzo,Danteh,Happy,JJANGGU,Joobi,Piggy
37297,Temple of Anubis,Boston Uprising,Faith,Myunb0ng,Stand1,Valentine,im37,punk
37297,Temple of Anubis,Houston Outlaws,Crimzo,Danteh,Happy,JJANGGU,Joobi,Piggy
37298,Ilios,Atlanta Reign,Edison,Gator,Hawk,Masaa,PELICAN,ir1s
37298,Ilios,London Spitfire,Hadi,Kellex,Molf1g,Ripa,SparkR,blase
37298,King's Row,Atlanta Reign,Edison,Gator,Hawk,Masaa,PELICAN,ir1s
37298,King's Row,London Spitfire,Hadi,Kellex,Molf1g,Ripa,SparkR,blase
37298,Volskaya Industries,Atlanta Reign,Gator,Hawk,Kai,Masaa,PELICAN,ir1s
37298,Volskaya Industries,London Spitfire,Hadi,Kellex,Molf1g,Ripa,Shax,SparkR
37299,Oasis,Florida Mayhem,CHECKMATE,GARGOYLE,GangNamJin,SLIME,Yaki,bqb
37299,Oasis,Washington Justice,Assassin,BEBE,Closer,Decay,Fury,MAG
37299,Route 66,Florida Mayhem,CHECKMATE,GARGOYLE,GangNamJin,SLIME,Yaki,bqb
37299,Route 66,Washington Justice,Assassin,BEBE,Closer,Decay,Fury,MAG
37299,Temple of Anubis,Florida Mayhem,CHECKMATE,GARGOYLE,GangNamJin,SLIME,Yaki,bqb
37299,Temple of Anubis,Washington Justice,Assassin,BEBE,Closer,Decay,Fury,MAG
37300,Hanamura,Houston Outlaws,Crimzo,Danteh,Happy,JJANGGU,Joobi,Piggy
37300,Hanamura,Vancouver Titans,ChangSik,Dalton,Fire,Roolf,Teru,frdwnr
37300,Nepal,Houston Outlaws,Crimzo,Danteh,Happy,JJANGGU,Joobi,Piggy
37300,Nepal,Vancouver Titans,ChangSik,Dalton,Fire,Roolf,Teru,frdwnr
37300,Watchpoint: Gibraltar,Houston Outlaws,Crimzo,Danteh,Happy,JJANGGU,Joobi,Piggy
37300,Watchpoint: Gibraltar,Vancouver Titans,ChangSik,Dalton,Fire,LiNkzr,Roolf,frdwnr
37301,Busan,Atlanta Reign,Edison,Gator,Hawk,Masaa,PELICAN,ir1s
37301,Busan,Dallas Fuel,Doha,FEARLESS,Fielder,Hanbin,Jecse,SP9RK1E
37301,Eichenwalde,Atlanta Reign,Edison,Gator,Hawk,Masaa,PELICAN,ir1s
37301,Eichenwalde,Dallas Fuel,Doha,FEARLESS,Fielder,Hanbin,Jecse,SP9RK1E
37301,Nepal,Atlanta Reign,Edison,Gator,Hawk,Masaa,PELICAN,ir1s
37301,Nepal,Dallas Fuel,Doha,FEARLESS,Fielder,Hanbin,Jecse,SP9RK1E
37301,Route 66,Atlanta Reign,Edison,Gator,Hawk,Masaa,PELICAN,ir1s
37301,Route 66,Dallas Fuel,Doha,FEARLESS,Fielder,Hanbin,Jecse,SP9RK1E
37301,Temple of Anubis,Atlanta Reign,Edison,Gator,Hawk,Masaa,PELICAN,ir1s
37301,Temple of Anubis,Dallas Fuel,Doha,FEARLESS,Fielder,Hanbin,Jecse,SP9RK1E
37302,Busan,Houston Outlaws,Crimzo,Danteh,Happy,JJANGGU,Joobi,Piggy
37302,Busan,San Francisco Shock,Choihyobin,Glister,Twilight,Viol2t,nero,super
37302,Junkertown,Houston Outlaws,Crimzo,Danteh,Happy,JJANGGU,Joobi,Piggy
37302,Junkertown,San Francisco Shock,Choihyobin,Glister,Twilight,Viol2t,nero,super
37302,King's Row,Houston Outlaws,Crimzo,Danteh,Happy,JJANGGU,Joobi,Piggy
37302,King's Row,San Francisco Shock,Choihyobin,Glister,Twilight,Viol2t,nero,super
37302,Volskaya Industries,Houston Outlaws,Crimzo,Danteh,Happy,JJANGGU,Joobi,Piggy
37302,Volskaya Industries,San Francisco Shock,ANS,Choihyobin,Glister,Twilight,Viol2t,smurf
37303,Hanamura,Dallas Fuel,Doha,FEARLESS,Fielder,Hanbin,Jecse,SP9RK1E
37303,Hanamura,Florida Mayhem,CHECKMATE,GARGOYLE,GangNamJin,SLIME,Yaki,bqb
37303,Hollywood,Dallas Fuel,Doha,FEARLESS,Fielder,Hanbin,Jecse,SP9RK1E
37303,Hollywood,Florida Mayhem,CHECKMATE,GARGOYLE,GangNamJin,SLIME,Yaki,bqb
37303,Lijiang Tower,Dallas Fuel,Doha,FEARLESS,Fielder,Hanbin,Jecse,SP9RK1E
37303,Lijiang Tower,Florida Mayhem,CHECKMATE,GARGOYLE,GangNamJin,SLIME,Yaki,bqb
37303,Oasis,Dallas Fuel,Doha,FEARLESS,Fielder,Hanbin,Jecse,SP9RK1E
37303,Oasis,Florida Mayhem,CHECKMATE,GARGOYLE,GangNamJin,SLIME,Yaki,bqb
37303,Watchpoint: Gibraltar,Dallas Fuel,Doha,FEARLESS,Fielder,Hanbin,Jecse,SP9RK1E
37303,Watchpoint: Gibraltar,Florida Mayhem,CHECKMATE,GARGOYLE,GangNamJin,SLIME,Yaki,bqb
37304,Junkertown,Paris Eternal,Daan,Kaan,Naga,Onigod,Vestola,dridro
37304,Junkertown,Vancouver Titans,ChangSik,Dalton,Fire,LiNkzr,Roolf,frdwnr
37304,Lijiang Tower,Paris Eternal,Daan,Kaan,Naga,Onigod,Vestola,dridro
37304,Lijiang Tower,Vancouver Titans,ChangSik,Dalton,Fire,Roolf,Teru,frdwnr
37304,Volskaya Industries,Paris Eternal,Daan,Kaan,Naga,Onigod,Vestola,dridro
37304,Volskaya Industries,Vancouver Titans,ChangSik,Dalton,Fire,LiNkzr,Roolf,frdwnr
37305,Busan,Atlanta Reign,Edison,Gator,Hawk,Masaa,PELICAN,ir1s
37305,Busan,Washington Justice,Assassin,BEBE,Closer,Decay,Fury,MAG
37305,Junkertown,Atlanta Reign,Edison,Gator,Hawk,Masaa,PELICAN,ir1s
37305,Junkertown,Washington Justice,Assassin,BEBE,Closer,Decay,Fury,MAG
37305,Volskaya Industries,Atlanta Reign,Gator,Hawk,Kai,Masaa,PELICAN,ir1s
37305,Volskaya Industries,Washington Justice,Assassin,BEBE,Closer,Decay,Fury,MAG
37306,Hanamura,Paris Eternal,Daan,Kaan,Naga,Onigod,Vestola,dridro
37306,Hanamura,San Francisco Shock,Choihyobin,Glister,Twilight,Viol2t,nero,super
37306,Hollywood,Paris Eternal,Daan,Kaan,Naga,Onigod,Vestola,dridro
37306,Hollywood,San Francisco Shock,Choihyobin,Glister,Twilight,Viol2t,nero,smurf
37306,Nepal,Paris Eternal,Daan,Kaan,Naga,Onigod,Vestola,dridro
37306,Nepal,San Francisco Shock,Choihyobin,FDGod,Glister,Twilight,nero,super
37306,Watchpoint: Gibraltar,Paris Eternal,Daan,Kaan,Onigod,Tsuna,Vestola,dridro
37306,Watchpoint: Gibraltar,San Francisco Shock,ANS,Choihyobin,Glister,Twilight,Viol2t,smurf
37307,Eichenwalde,Toronto Defiant,ANSOONJAE,Aspire,Heesu,Lastro,Michelle,SADO
37307,Eichenwalde,Vancouver Titans,ChangSik,Dalton,Fire,LiNkzr,Roolf,frdwnr
37307,Oasis,Toronto Defiant,ANSOONJAE,Aspire,Heesu,Lastro,Michelle,SADO
37307,Oasis,Vancouver Titans,ChangSik,Dalton,Fire,LiNkzr,Roolf,frdwnr
37307,Route 66,Toronto Defiant,ANSOONJAE,Aspire,Heesu,Lastro,Michelle,SADO
37307,Route 66,Vancouver Titans,ChangSik,Dalton,Fire,LiNkzr,Roolf,frdwnr
37308,Junkertown,Boston Uprising,Faith,Myunb0ng,Stand1,Valentine,im37,punk
37308,Junkertown,Florida Mayhem,GARGOYLE,GangNamJin,OGE,SLIME,Yaki,bqb
37308,King's Row,Boston Uprising,Faith,Myunb0ng,Stand1,Valentine,im37,punk
37308,King's Row,Florida Mayhem,GARGOYLE,GangNamJin,OGE,SLIME,Yaki,bqb
37308,Nepal,Boston Uprising,Faith,Myunb0ng,Stand1,Valentine,im37,punk
37308,Nepal,Florida Mayhem,GARGOYLE,GangNamJin,OGE,SLIME,Yaki,bqb
37308,Volskaya Industries,Boston Uprising,Faith,Myunb0ng,Stand1,Valentine,im37,punk
37308,Volskaya Industries,Florida Mayhem,GARGOYLE,GangNamJin,OGE,SLIME,Yaki,bqb
37309,Eichenwalde,Los Angeles Gladiators,MirroR,MuZe,SPACE,kevster,shu,skewed
37309,Eichenwalde,Paris Eternal,Daan,Kaan,Naga,Onigod,Vestola,dridro
37309,Nepal,Los Angeles Gladiators,Birdring,MuZe,SPACE,kevster,moth,shu
37309,Nepal,Paris Eternal,Daan,Kaan,Naga,Onigod,Vestola,dridro
37309,Oasis,Los Angeles Gladiators,Birdring,MirroR,MuZe,SPACE,moth,shu
37309,Oasis,Paris Eternal,Daan,Kaan,Naga,Onigod,Vestola,dridro
37309,Route 66,Los Angeles Gladiators,Birdring,MuZe,SPACE,kevster,shu,skewed
37309,Route 66,Paris Eternal,Daan,Kaan,Naga,Onigod,Vestola,dridro
37309,Temple of Anubis,Los Angeles Gladiators,Birdring,MirroR,MuZe,SPACE,moth,shu
37309,Temple of Anubis,Paris Eternal,Daan,Kaan,Naga,Onigod,Vestola,dridro
37310,Busan,Boston Uprising,Faith,Myunb0ng,Stand1,Valentine,im37,punk
37310,Busan,Vancouver Titans,ChangSik,Dalton,Fire,LiNkzr,Roolf,frdwnr
37310,Hanamura,Boston Uprising,Faith,Myunb0ng,Stand1,Valentine,im37,punk
37310,Hanamura,Vancouver Titans,ChangSik,Dalton,Fire,LiNkzr,Roolf,frdwnr
37310,Hollywood,Boston Uprising,Faith,Myunb0ng,Stand1,Valentine,im37,punk
37310,Hollywood,Vancouver Titans,ChangSik,Dalton,Fire,LiNkzr,Roolf,frdwnr
37310,Watchpoint: Gibraltar,Boston Uprising,ColourHex,Faith,GaeBullSsi,Myunb0ng,Stand1,im37
37310,Watchpoint: Gibraltar,Vancouver Titans,ChangSik,Dalton,Fire,LiNkzr,Roolf,frdwnr
37311,Hanamura,Florida Mayhem,GARGOYLE,GangNamJin,OGE,SLIME,Yaki,bqb
37311,Hanamura,Toronto Defiant,ANSOONJAE,Aspire,Heesu,Lastro,Michelle,SADO
37311,Hollywood,Florida Mayhem,GARGOYLE,GangNamJin,OGE,SLIME,Yaki,bqb
37311,Hollywood,Toronto Defiant,ANSOONJAE,Aspire,Heesu,Lastro,Michelle,SADO
37311,Ilios,Florida Mayhem,CHECKMATE,GARGOYLE,GangNamJin,OGE,SLIME,Yaki
37311,Ilios,Toronto Defiant,ANSOONJAE,Aspire,Heesu,Lastro,Michelle,SADO
37311,Lijiang Tower,Florida Mayhem,CHECKMATE,GARGOYLE,GangNamJin,OGE,SLIME,Yaki
37311,Lijiang Tower,Toronto Defiant,ANSOONJAE,Aspire,Heesu,Lastro,Michelle,SADO
37311,Watchpoint: Gibraltar,Florida Mayhem,GARGOYLE,GangNamJin,OGE,SLIME,Yaki,bqb
37311,Watchpoint: Gibraltar,Toronto Defiant,ANSOONJAE,Aspire,Heesu,Lastro,Michelle,SADO
37312,Eichenwalde,London Spitfire,Hadi,Kellex,Molf1g,Ripa,SparkR,blase
37312,Eichenwalde,San Francisco Shock,Choihyobin,Glister,Twilight,Viol2t,nero,smurf
37312,Nepal,London Spitfire,Hadi,Kellex,Molf1g,Ripa,SparkR,blase
37312,Nepal,San Francisco Shock,Choihyobin,FDGod,Glister,Viol2t,nero,super
37312,Oasis,London Spitfire,Hadi,Kellex,Molf1g,Ripa,SparkR,blase
37312,Oasis,San Francisco Shock,Choihyobin,FDGod,Glister,Viol2t,nero,super
37312,Route 66,London Spitfire,Hadi,Kellex,Molf1g,Ripa,Shax,SparkR
37312,Route 66,San Francisco Shock,Choihyobin,FDGod,Glister,Viol2t,nero,super
37312,Temple of Anubis,London Spitfire,Hadi,Kellex,Molf1g,Ripa,SparkR,blase
37312,Temple of Anubis,San Francisco Shock,Choihyobin,Glister,Twilight,Viol2t,nero,smurf
37313,Ilios,Los Angeles Gladiators,MirroR,MuZe,SPACE,kevster,shu,skewed
37313,Ilios,San Francisco Shock,ANS,Choihyobin,Glister,Twilight,Viol2t,smurf
37313,Junkertown,Los Angeles Gladiators,Birdring,MuZe,SPACE,kevster,shu,skewed
37313,Junkertown,San Francisco Shock,Choihyobin,FDGod,Glister,Viol2t,nero,super
37313,King's Row,Los Angeles Gladiators,Birdring,MirroR,MuZe,SPACE,moth,shu
37313,King's Row,San Francisco Shock,Choihyobin,FDGod,Glister,Viol2t,nero,super
37313,Lijiang Tower,Los Angeles Gladiators,Birdring,MirroR,MuZe,SPACE,moth,shu
37313,Lijiang Tower,San Francisco Shock,Choihyobin,FDGod,Glister,Viol2t,nero,super
37313,Volskaya Industries,Los Angeles Gladiators,Birdring,MuZe,SPACE,kevster,shu,skewed
37313,Volskaya Industries,San Francisco Shock,ANS,Choihyobin,Glister,Twilight,Viol2t,smurf
37314,Busan,London Spitfire,Hadi,Kellex,Molf1g,Ripa,SparkR,blase
37314,Busan,Paris Eternal,Daan,Kaan,Naga,Tsuna,Vestola,dridro
37314,Hanamura,London Spitfire,Hadi,Kellex,Molf1g,Ripa,SparkR,blase
37314,Hanamura,Paris Eternal,Daan,Kaan,Naga,Onigod,Vestola,dridro
37314,Hollywood,London Spitfire,Hadi,Kellex,Molf1g,Ripa,Shax,SparkR
37314,Hollywood,Paris Eternal,Daan,Kaan,Naga,Onigod,Vestola,dridro
37314,Watchpoint: Gibraltar,London Spitfire,Hadi,Kellex,Molf1g,Ripa,Shax,SparkR
37314,Watchpoint: Gibraltar,Paris Eternal,Daan,Kaan,Onigod,Tsuna,Vestola,dridro
37315,Hanamura,Hangzhou Spark,BERNAR,Guxue,MCD,SeoMinSoo,iDK,shy
37315,Hanamura,Shanghai Dragons,Fate,Fleta,IZaYaKI,LIP,LeeJaeGon,Void
37315,Hollywood,Hangzhou Spark,Architect,BERNAR,Guxue,MCD,iDK,shy
37315,Hollywood,Shanghai Dragons,Fate,Fleta,IZaYaKI,LIP,LeeJaeGon,Void
37315,Ilios,Hangzhou Spark,BERNAR,Guxue,MCD,SeoMinSoo,iDK,shy
37315,Ilios,Shanghai Dragons,Fate,Fleta,LIP,LeeJaeGon,Molly,Void
37315,Watchpoint: Gibraltar,Hangzhou Spark,Architect,BERNAR,Guxue,MCD,iDK,shy
37315,Watchpoint: Gibraltar,Shanghai Dragons,Fate,Fleta,IZaYaKI,LIP,LeeJaeGon,Void
37316,Eichenwalde,Chengdu Hunters,Farway1987,JinMu,Leave,Yveltal,ga9A,lateyoung
37316,Eichenwalde,Los Angeles Valiant,Highbee,Krystal,MoLanran,ShowCheng,Silver3,wya
37316,Oasis,Chengdu Hunters,JinMu,Leave,Mmonk,Nisha,ameng,lateyoung
37316,Oasis,Los Angeles Valiant,Highbee,Krystal,MoLanran,ShowCheng,Silver3,wya
37316,Temple of Anubis,Chengdu Hunters,JinMu,Leave,Mmonk,Nisha,ga9A,lateyoung
37316,Temple of Anubis,Los Angeles Valiant,Highbee,Krystal,MoLanran,ShowCheng,Silver3,wya
37317,Busan,New York Excelsior,Flora,Friday,Gwangboong,JJonak,Kalios,Yakpung
37317,Busan,Philadelphia Fusion,Alarm,FunnyAstro,HOTBA,Mano,carpe,eqo
37317,Eichenwalde,New York Excelsior,FEATH5R,Flora,Friday,JJonak,Kalios,Yakpung
37317,Eichenwalde,Philadelphia Fusion,Alarm,FunnyAstro,HOTBA,Mano,Rascal,carpe
37317,Route 66,New York Excelsior,Flora,Friday,Gwangboong,JJonak,Kalios,Yakpung
37317,Route 66,Philadelphia Fusion,Alarm,FunnyAstro,HOTBA,Mano,Rascal,carpe
37317,Temple of Anubis,New York Excelsior,FEATH5R,Flora,Friday,JJonak,Kalios,Yakpung
37317,Temple of Anubis,Philadelphia Fusion,Alarm,FunnyAstro,HOTBA,Mano,carpe,eqo
37318,King's Row,Los Angeles Valiant,Highbee,Krystal,MoLanran,ShowCheng,Silver3,wya
37318,King's Row,Shanghai Dragons,Fate,Fleta,IZaYaKI,LIP,LeeJaeGon,Void
37318,Nepal,Los Angeles Valiant,Highbee,Krystal,MoLanran,ShowCheng,Silver3,wya
37318,Nepal,Shanghai Dragons,Fate,Fleta,LIP,LeeJaeGon,Molly,Void
37318,Volskaya Industries,Los Angeles Valiant,Highbee,Krystal,MoLanran,ShowCheng,Silver3,wya
37318,Volskaya Industries,Shanghai Dragons,Fate,Fleta,IZaYaKI,LIP,LeeJaeGon,Void
37319,Busan,Chengdu Hunters,JinMu,Leave,Mmonk,Yveltal,ameng,lateyoung
37319,Busan,Philadelphia Fusion,Alarm,FunnyAstro,HOTBA,Mano,carpe,eqo
37319,Junkertown,Chengdu Hunters,JinMu,Leave,Mmonk,Yveltal,ameng,lateyoung
37319,Junkertown,Philadelphia Fusion,Alarm,FunnyAstro,HOTBA,Mano,Rascal,carpe
37319,King's Row,Chengdu Hunters,JinMu,Leave,Mmonk,Yveltal,ameng,lateyoung
37319,King's Row,Philadelphia Fusion,Alarm,FunnyAstro,HOTBA,Mano,Rascal,carpe
37319,Nepal,Chengdu Hunters,JinMu,Leave,Mmonk,Nisha,ameng,lateyoung
37319,Nepal,Philadelphia Fusion,Alarm,FunnyAstro,HOTBA,Mano,Rascal,eqo
37319,Volskaya Industries,Chengdu Hunters,JinMu,Leave,Mmonk,Nisha,ameng,lateyoung
37319,Volskaya Industries,Philadelphia Fusion,Alarm,FunnyAstro,HOTBA,Mano,Rascal,carpe
37320,Junkertown,Hangzhou Spark,Architect,BERNAR,Guxue,MCD,iDK,shy
37320,Junkertown,New York Excelsior,Flora,Friday,Gwangboong,JJonak,Kalios,Yakpung
37320,King's Row,Hangzhou Spark,BERNAR,Guxue,MCD,SeoMinSoo,iDK,shy
37320,King's Row,New York Excelsior,Flora,Friday,Gwangboong,JJonak,Kalios,Yakpung
37320,Nepal,Hangzhou Spark,BERNAR,Guxue,MCD,SeoMinSoo,iDK,shy
37320,Nepal,New York Excelsior,FEATH5R,Flora,Friday,JJonak,Kalios,Yakpung
37320,Oasis,Hangzhou Spark,BERNAR,Guxue,MCD,SeoMinSoo,iDK,shy
37320,Oasis,New York Excelsior,FEATH5R,Flora,Friday,JJonak,Kalios,Yakpung
37320,Volskaya Industries,Hangzhou Spark,Architect,BERNAR,Guxue,MCD,iDK,shy
37320,Volskaya Industries,New York Excelsior,Flora,Friday,Gwangboong,JJonak,Kalios,Yakpung
37321,Junkertown,Philadelphia Fusion,Alarm,FunnyAstro,HOTBA,Mano,Rascal,eqo
37321,Junkertown,Shanghai Dragons,Fate,Fleta,IZaYaKI,LIP,LeeJaeGon,Void
37321,Lijiang Tower,Philadelphia Fusion,Alarm,FunnyAstro,HOTBA,Mano,Rascal,eqo
37321,Lijiang Tower,Shanghai Dragons,Fate,Fleta,IZaYaKI,LIP,LeeJaeGon,Void
37321,Volskaya Industries,Philadelphia Fusion,Alarm,HOTBA,Mano,carpe,eqo,tobi
37321,Volskaya Industries,Shanghai Dragons,Fate,Fleta,IZaYaKI,LIP,LeeJaeGon,Void
37322,Junkertown,Guangzhou Charge,ChoiSehwan,Cr0ng,Eileen,KariV,Mandu,Rio
37322,Junkertown,Seoul Dynasty,Anamo,Creative,Fits,Marve1,Profit,ToYou
37322,King's Row,Guangzhou Charge,ChoiSehwan,Cr0ng,Eileen,KariV,Mandu,Rio
37322,King's Row,Seoul Dynasty,Anamo,Creative,Fits,Marve1,Profit,ToYou
37322,Nepal,Guangzhou Charge,ChoiSehwan,Cr0ng,Eileen,KariV,Mandu,Rio
37322,Nepal,Seoul Dynasty,Anamo,Creative,Fits,Marve1,Profit,ToYou
37322,Oasis,Guangzhou Charge,ChoiSehwan,Cr0ng,Eileen,KariV,Mandu,Rio
37322,Oasis,Seoul Dynasty,Anamo,Creative,Fits,Marve1,Profit,ToYou
37322,Volskaya Industries,Guangzhou Charge,ChoiSehwan,Cr0ng,Eileen,KariV,Mandu,Rio
37322,Volskaya Industries,Seoul Dynasty,Anamo,Creative,Fits,Marve1,Profit,ToYou
37323,Busan,Seoul Dynasty,Anamo,Creative,Fits,Marve1,Profit,ToYou
37323,Busan,Shanghai Dragons,Fate,Fleta,IZaYaKI,LIP,LeeJaeGon,Void
37323,Route 66,Seoul Dynasty,Anamo,Creative,Fits,Marve1,Profit,ToYou
37323,Route 66,Shanghai Dragons,Fate,Fleta,IZaYaKI,LIP,LeeJaeGon,Void
37323,Temple of Anubis,Seoul Dynasty,Anamo,Creative,Fits,Marve1,Profit,ToYou
37323,Temple of Anubis,Shanghai Dragons,Fate,Fleta,IZaYaKI,LIP,LeeJaeGon,Void
37324,Hanamura,Guangzhou Charge,ChoiSehwan,Cr0ng,Eileen,KariV,Mandu,Rio
37324,Hanamura,Philadelphia Fusion,Alarm,HOTBA,Mano,Rascal,carpe,tobi
37324,Hollywood,Guangzhou Charge,ChoiSehwan,Cr0ng,Eileen,KariV,Mandu,Rio
37324,Hollywood,Philadelphia Fusion,Alarm,FunnyAstro,HOTBA,Mano,Rascal,eqo
37324,Ilios,Guangzhou Charge,ChoiSehwan,Cr0ng,Eileen,KariV,Mandu,Rio
37324,Ilios,Philadelphia Fusion,Alarm,FunnyAstro,HOTBA,Mano,carpe,eqo
37324,Watchpoint: Gibraltar,Guangzhou Charge,ChoiSehwan,Cr0ng,Eileen,KariV,Mandu,Rio
37324,Watchpoint: Gibraltar,Philadelphia Fusion,Alarm,HOTBA,Mano,carpe,eqo,tobi
37325,Hollywood,Los Angeles Valiant,Highbee,Krystal,MoLanran,ShowCheng,Silver3,wya
37325,Hollywood,New York Excelsior,BiaNcA,Flora,Friday,Gwangboong,JJonak,Yakpung
37325,Ilios,Los Angeles Valiant,Highbee,Krystal,MoLanran,ShowCheng,Silver3,wya
37325,Ilios,New York Excelsior,BiaNcA,FEATH5R,Flora,Friday,JJonak,Yakpung
37325,Watchpoint: Gibraltar,Los Angeles Valiant,Highbee,Krystal,MoLanran,ShowCheng,Silver3,wya
37325,Watchpoint: Gibraltar,New York Excelsior,BiaNcA,Flora,Friday,Gwangboong,JJonak,Yakpung
37326,Busan,Chengdu Hunters,Farway1987,Leave,Nisha,TaroCook1e,ameng,lateyoung
37326,Busan,Guangzhou Charge,ChoiSehwan,Cr0ng,Eileen,KariV,Mandu,Rio
37326,Eichenwalde,Chengdu Hunters,Elsa,JinMu,Leave,Mmonk,Nisha,ga9A
37326,Eichenwalde,Guangzhou Charge,ChoiSehwan,Cr0ng,Eileen,KariV,Mandu,Rio
37326,Route 66,Chengdu Hunters,Elsa,JinMu,Leave,Mmonk,Nisha,ga9A
37326,Route 66,Guangzhou Charge,ChoiSehwan,Cr0ng,Eileen,KariV,Mandu,Rio
37327,Junkertown,Hangzhou Spark,Architect,BERNAR,Guxue,MCD,iDK,shy
37327,Junkertown,Seoul Dynasty,Anamo,Creative,Fits,Marve1,Profit,ToYou
37327,King's Row,Hangzhou Spark,Architect,BERNAR,Guxue,MCD,iDK,shy
37327,King's Row,Seoul Dynasty,Anamo,Creative,Fits,Marve1,Profit,ToYou
37327,Nepal,Hangzhou Spark,Architect,BERNAR,Guxue,MCD,SeoMinSoo,iDK
37327,Nepal,Seoul Dynasty,Anamo,Creative,Fits,Marve1,Profit,ToYou
37328,Junkertown,Guangzhou Charge,ChoiSehwan,Cr0ng,Eileen,KariV,Mandu,Rio
37328,Junkertown,New York Excelsior,BiaNcA,Flora,Friday,Gwangboong,JJonak,Yakpung
37328,King's Row,Guangzhou Charge,ChoiSehwan,Cr0ng,Eileen,KariV,Mandu,Rio
37328,King's Row,New York Excelsior,BiaNcA,Flora,Friday,Gwangboong,JJonak,Yakpung
37328,Lijiang Tower,Guangzhou Charge,ChoiSehwan,Cr0ng,Eileen,KariV,Mandu,Rio
37328,Lijiang Tower,New York Excelsior,BiaNcA,Flora,Friday,JJonak,Yakpung,ivy
37328,Oasis,Guangzhou Charge,ChoiSehwan,Cr0ng,Eileen,KariV,Mandu,Rio
37328,Oasis,New York Excelsior,BiaNcA,FEATH5R,Flora,Friday,JJonak,Yakpung
37328,Volskaya Industries,Guangzhou Charge,ChoiSehwan,Cr0ng,Eileen,KariV,Mandu,Rio
37328,Volskaya Industries,New York Excelsior,BiaNcA,Flora,Friday,Gwangboong,JJonak,Yakpung
37329,Hanamura,Chengdu Hunters,Elsa,Jimmy,Leave,Mmonk,Nisha,ga9A
37329,Hanamura,Seoul Dynasty,Anamo,Creative,Fits,Marve1,Profit,ToYou
37329,Hollywood,Chengdu Hunters,Elsa,Leave,Mmonk,TaroCook1e,Yveltal,ga9A
37329,Hollywood,Seoul Dynasty,Anamo,Creative,Fits,Marve1,Profit,ToYou
37329,Ilios,Chengdu Hunters,Elsa,Leave,Mmonk,TaroCook1e,Yveltal,ga9A
37329,Ilios,Seoul Dynasty,Anamo,Creative,Fits,Marve1,Profit,ToYou
37329,Watchpoint: Gibraltar,Chengdu Hunters,Elsa,Jimmy,Leave,Mmonk,Nisha,ga9A
37329,Watchpoint: Gibraltar,Seoul Dynasty,Anamo,Creative,Fits,Marve1,Profit,ToYou
37330,Eichenwalde,Hangzhou Spark,BERNAR,Guxue,MCD,SeoMinSoo,iDK,shy
37330,Eichenwalde,Los Angeles Valiant,Highbee,Krystal,MoLanran,ShowCheng,Silver3,wya
37330,Lijiang Tower,Hangzhou Spark,Architect,BERNAR,Guxue,MCD,SeoMinSoo,iDK
37330,Lijiang Tower,Los Angeles Valiant,Highbee,Krystal,MoLanran,ShowCheng,Silver3,wya
37330,Route 66,Hangzhou Spark,BERNAR,Guxue,MCD,SeoMinSoo,iDK,shy
37330,Route 66,Los Angeles Valiant,Highbee,Krystal,MoLanran,ShowCheng,Silver3,wya
37347,Busan,Los Angeles Gladiators,Birdring,MuZe,SPACE,kevster,shu,skewed
37347,Busan,Washington Justice,Assassin,BEBE,Decay,Fury,MAG,Ttuba
37347,Numbani,Los Angeles Gladiators,Birdring,MuZe,SPACE,kevster,shu,skewed
37347,Numbani,Washington Justice,Assassin,BEBE,Decay,Fury,MAG,Ttuba
37347,Rialto,Los Angeles Gladiators,MirroR,MuZe,SPACE,kevster,moth,shu
37347,Rialto,Washington Justice,Assassin,BEBE,Decay,Fury,MAG,Ttuba
37348,Blizzard World,Boston Uprising,Faith,Myunb0ng,Stand1,Valentine,im37,punk
37348,Blizzard World,San Francisco Shock,ANS,Choihyobin,Twilight,Viol2t,nero,super
37348,Lijiang Tower,Boston Uprising,Faith,Myunb0ng,Stand1,Valentine,im37,punk
37348,Lijiang Tower,San Francisco Shock,ANS,Choihyobin,Twilight,Viol2t,nero,smurf
37348,Route 66,Boston Uprising,Faith,Myunb0ng,Stand1,Valentine,im37,punk
37348,Route 66,San Francisco Shock,ANS,Choihyobin,Twilight,Viol2t,nero,super
37348,Temple of Anubis,Boston Uprising,Faith,Myunb0ng,Stand1,Valentine,im37,punk
37348,Temple of Anubis,San Francisco Shock,ANS,Choihyobin,Twilight,Viol2t,nero,super
37349,King's Row,Atlanta Reign,Gator,Hawk,Kai,Masaa,PELICAN,ir1s
37349,King's Row,Houston Outlaws,Crimzo,Danteh,Happy,JJANGGU,Jake,Piggy
37349,Nepal,Atlanta Reign,Edison,Gator,Hawk,Masaa,PELICAN,ir1s
37349,Nepal,Houston Outlaws,Crimzo,Danteh,Happy,JJANGGU,Jake,Piggy
37349,Rialto,Atlanta Reign,Gator,Hawk,Kai,Masaa,PELICAN,ir1s
37349,Rialto,Houston Outlaws,Crimzo,Danteh,Happy,JJANGGU,Jake,Piggy
37350,Hanamura,Dallas Fuel,Doha,FEARLESS,Fielder,Hanbin,Jecse,SP9RK1E
37350,Hanamura,San Francisco Shock,ANS,Choihyobin,Twilight,Viol2t,nero,super
37350,Ilios,Dallas Fuel,Doha,FEARLESS,Fielder,Hanbin,Jecse,SP9RK1E
37350,Ilios,San Francisco Shock,ANS,Choihyobin,Twilight,Viol2t,nero,smurf
37350,Lijiang Tower,Dallas Fuel,Doha,FEARLESS,Fielder,Hanbin,Jecse,SP9RK1E
37350,Lijiang Tower,San Francisco Shock,Choihyobin,Glister,Twilight,Viol2t,nero,smurf
37350,Numbani,Dallas Fuel,Doha,FEARLESS,Fielder,Hanbin,Jecse,SP9RK1E
37350,Numbani,San Francisco Shock,ANS,Choihyobin,Twilight,Viol2t,nero,super
37350,Rialto,Dallas Fuel,Doha,FEARLESS,Fielder,Hanbin,Jecse,SP9RK1E
37350,Rialto,San Francisco Shock,ANS,Choihyobin,Twilight,Viol2t,nero,super
37351,Blizzard World,Atlanta Reign,Gator,Hawk,Kai,Masaa,PELICAN,ir1s
37351,Blizzard World,Los Angeles Gladiators,Birdring,MuZe,SPACE,kevster,shu,skewed
37351,Lijiang Tower,Atlanta Reign,Gator,Hawk,Kai,Masaa,PELICAN,ir1s
37351,Lijiang Tower,Los Angeles Gladiators,MirroR,MuZe,SPACE,kevster,moth,shu
37351,Oasis,Atlanta Reign,Gator,Hawk,Kai,Masaa,PELICAN,ir1s
37351,Oasis,Los Angeles Gladiators,MirroR,MuZe,SPACE,kevster,moth,shu
37351,Route 66,Atlanta Reign,Gator,Hawk,Kai,Masaa,PELICAN,ir1s
37351,Route 66,Los Angeles Gladiators,Birdring,MuZe,SPACE,kevster,shu,skewed
37351,Temple of Anubis,Atlanta Reign,Gator,Hawk,Kai,Masaa,PELICAN,ir1s
37351,Temple of Anubis,Los Angeles Gladiators,Birdring,MuZe,SPACE,kevster,shu,skewed
37352,Ilios,Boston Uprising,ColourHex,Faith,Myunb0ng,Stand1,im37,punk
37352,Ilios,Paris Eternal,Daan,Kaan,Naga,Onigod,Vestola,dridro
37352,King's Row,Boston Uprising,ColourHex,Faith,Myunb0ng,Stand1,im37,punk
37352,King's Row,Paris Eternal,Daan,Kaan,Naga,Onigod,Vestola,dridro
37352,Rialto,Boston Uprising,Faith,Myunb0ng,Stand1,Valentine,im37,punk
37352,Rialto,Paris Eternal,Daan,Kaan,Naga,Onigod,Vestola,dridro
37352,Volskaya Industries,Boston Uprising,Faith,Myunb0ng,Stand1,Valentine,im37,punk
37352,Volskaya Industries,Paris Eternal,Daan,Kaan,Naga,Onigod,Vestola,dridro
37353,Blizzard World,Houston Outlaws,Crimzo,Danteh,Happy,JJANGGU,Jake,Piggy
37353,Blizzard World,Washington Justice,Assassin,BEBE,Closer,Decay,Fury,MAG
37353,Ilios,Houston Outlaws,Crimzo,DREAMER,Danteh,Happy,Jake,Piggy
37353,Ilios,Washington Justice,Assassin,BEBE,Closer,Decay,Fury,MAG
37353,Route 66,Houston Outlaws,Crimzo,Danteh,Happy,JJANGGU,Jake,Piggy
37353,Route 66,Washington Justice,Assassin,BEBE,Closer,Decay,Fury,MAG
37354,Blizzard World,Dallas Fuel,Doha,FEARLESS,Hanbin,Jecse,Rapel,SP9RK1E
37354,Blizzard World,Paris Eternal,Daan,Kaan,Naga,Onigod,Vestola,dridro
37354,Havana,Dallas Fuel,Doha,FEARLESS,Hanbin,Jecse,Rapel,SP9RK1E
37354,Havana,Paris Eternal,Daan,Kaan,Naga,Onigod,Vestola,dridro
37354,Lijiang Tower,Dallas Fuel,Doha,FEARLESS,Hanbin,Jecse,Rapel,SP9RK1E
37354,Lijiang Tower,Paris Eternal,Daan,Kaan,Naga,Onigod,Vestola,dridro
37354,Oasis,Dallas Fuel,Doha,FEARLESS,Hanbin,Jecse,Rapel,SP9RK1E
37354,Oasis,Paris Eternal,Daan,Kaan,Naga,Onigod,Vestola,dridro
37354,Temple of Anubis,Dallas Fuel,Doha,FEARLESS,Hanbin,Jecse,Rapel,SP9RK1E
37354,Temple of Anubis,Paris Eternal,Daan,Kaan,Naga,Onigod,Vestola,dridro
37355,Lijiang Tower,Atlanta Reign,Edison,Gator,Hawk,Masaa,PELICAN,ir1s
37355,Lijiang Tower,New York Excelsior,BiaNcA,FEATH5R,Flora,Friday,JJonak,Yakpung
37355,Numbani,Atlanta Reign,Gator,Hawk,Kai,Masaa,PELICAN,ir1s
37355,Numbani,New York Excelsior,BiaNcA,FEATH5R,Flora,Friday,JJonak,Yakpung
37355,Temple of Anubis,Atlanta Reign,Gator,Hawk,Kai,Masaa,PELICAN,ir1s
37355,Temple of Anubis,New York Excelsior,BiaNcA,FEATH5R,Flora,Friday,JJonak,Yakpung
37356,Busan,Dallas Fuel,Doha,FEARLESS,Fielder,Hanbin,Jecse,SP9RK1E
37356,Busan,Shanghai Dragons,Fate,Fleta,IZaYaKI,LIP,LeeJaeGon,Void
37356,Numbani,Dallas Fuel,Doha,FEARLESS,Fielder,Hanbin,Jecse,SP9RK1E
37356,Numbani,Shanghai Dragons,Fate,Fleta,IZaYaKI,LIP,LeeJaeGon,Void
37356,Volskaya Industries,Dallas Fuel,Doha,FEARLESS,Fielder,Hanbin,Jecse,SP9RK1E
37356,Volskaya Industries,Shanghai Dragons,Fate,Fleta,IZaYaKI,LIP,LeeJaeGon,Void
37357,Nepal,Atlanta Reign,Edison,Gator,Hawk,Masaa,PELICAN,ir1s
37357,Nepal,Dallas Fuel,Doha,FEARLESS,Fielder,Hanbin,Jecse,SP9RK1E
37357,Numbani,Atlanta Reign,Edison,Gator,Hawk,Masaa,PELICAN,ir1s
37357,Numbani,Dallas Fuel,Doha,FEARLESS,Fielder,Hanbin,Jecse,SP9RK1E
37357,Rialto,Atlanta Reign,Edison,Gator,Hawk,Masaa,PELICAN,ir1s
37357,Rialto,Dallas Fuel,Doha,FEARLESS,Fielder,Hanbin,Jecse,SP9RK1E
37357,Volskaya Industries,Atlanta Reign,Gator,Hawk,Kai,Masaa,PELICAN,ir1s
37357,Volskaya Industries,Dallas Fuel,Doha,FEARLESS,Fielder,Hanbin,Jecse,SP9RK1E
37358,Busan,Dallas Fuel,Doha,FEARLESS,Fielder,Hanbin,Jecse,SP9RK1E
37358,Busan,Shanghai Dragons,Fate,Fleta,IZaYaKI,LIP,LeeJaeGon,Void
37358,Eichenwalde,Dallas Fuel,Doha,FEARLESS,Fielder,Hanbin,Jecse,SP9RK1E
37358,Eichenwalde,Shanghai Dragons,Fate,Fleta,IZaYaKI,LIP,LeeJaeGon,Void
37358,Junkertown,Dallas Fuel,Doha,FEARLESS,Fielder,Hanbin,Jecse,SP9RK1E
37358,Junkertown,Shanghai Dragons,Fate,Fleta,IZaYaKI,LIP,LeeJaeGon,Void
37358,Lijiang Tower,Dallas Fuel,Doha,FEARLESS,Fielder,Hanbin,Jecse,SP9RK1E
37358,Lijiang Tower,Shanghai Dragons,Fate,Fleta,IZaYaKI,LIP,LeeJaeGon,Void
37358,Numbani,Dallas Fuel,Doha,FEARLESS,Fielder,Hanbin,Jecse,SP9RK1E
37358,Numbani,Shanghai Dragons,Fate,Fleta,IZaYaKI,LIP,LeeJaeGon,Void
37358,Rialto,Dallas Fuel,Doha,FEARLESS,Fielder,Hanbin,Jecse,SP9RK1E
37358,Rialto,Shanghai Dragons,Fate,Fleta,IZaYaKI,LIP,LeeJaeGon,Void
37358,Volskaya Industries,Dallas Fuel,Doha,FEARLESS,Fielder,Hanbin,Jecse,SP9RK1E
37358,Volskaya Industries,Shanghai Dragons,Fate,Fleta,IZaYaKI,LIP,LeeJaeGon,Void
37359,Hanamura,Atlanta Reign,Gator,Hawk,Kai,Masaa,PELICAN,ir1s
37359,Hanamura,Shanghai Dragons,Fate,Fleta,IZaYaKI,LIP,LeeJaeGon,Void
37359,Lijiang Tower,Atlanta Reign,Edison,Gator,Hawk,Masaa,PELICAN,ir1s
37359,Lijiang Tower,Shanghai Dragons,Fate,Fleta,IZaYaKI,LIP,LeeJaeGon,Void
37359,Numbani,Atlanta Reign,Edison,Gator,Hawk,Masaa,PELICAN,ir1s
37359,Numbani,Shanghai Dragons,Fate,Fleta,IZaYaKI,LIP,LeeJaeGon,Void
37360,Busan,New York Excelsior,BiaNcA,FEATH5R,Friday,JJonak,Yakpung,ivy
37360,Busan,Shanghai Dragons,Fate,Fleta,IZaYaKI,LIP,LeeJaeGon,Void
37360,Numbani,New York Excelsior,BiaNcA,FEATH5R,Friday,JJonak,Yakpung,ivy
37360,Numbani,Shanghai Dragons,Fate,Fleta,IZaYaKI,LIP,LeeJaeGon,Void
37360,Temple of Anubis,New York Excelsior,BiaNcA,FEATH5R,Friday,JJonak,Yakpung,ivy
37360,Temple of Anubis,Shanghai Dragons,Fate,Fleta,IZaYaKI,LIP,LeeJaeGon,Void
37371,Blizzard World,Hangzhou Spark,Architect,BERNAR,Guxue,MCD,iDK,shy
37371,Blizzard World,Philadelphia Fusion,Alarm,FunnyAstro,HOTBA,Mano,carpe,eqo
37371,Nepal,Hangzhou Spark,Architect,BERNAR,Guxue,MCD,iDK,shy
37371,Nepal,Philadelphia Fusion,Alarm,FunnyAstro,HOTBA,Mano,carpe,eqo
37371,Route 66,Hangzhou Spark,Architect,BERNAR,Guxue,MCD,iDK,shy
37371,Route 66,Philadelphia Fusion,Alarm,FunnyAstro,HOTBA,Mano,carpe,eqo
37371,Temple of Anubis,Hangzhou Spark,Architect,BERNAR,Guxue,MCD,iDK,shy
37371,Temple of Anubis,Philadelphia Fusion,Alarm,FunnyAstro,HOTBA,Mano,eqo,sHockWave
37372,Havana,New York Excelsior,Flora,Friday,Gwangboong,JJonak,Kalios,Yakpung
37372,Havana,Shanghai Dragons,Fate,Fleta,IZaYaKI,LIP,LeeJaeGon,Void
37372,Ilios,New York Excelsior,Flora,Friday,Gwangboong,JJonak,Kalios,Yakpung
37372,Ilios,Shanghai Dragons,Fate,Fleta,IZaYaKI,LIP,LeeJaeGon,Void
37372,King's Row,New York Excelsior,Flora,Friday,Gwangboong,JJonak,Kalios,Yakpung
37372,King's Row,Shanghai Dragons,Fate,Fleta,IZaYaKI,LIP,LeeJaeGon,Void
37372,Lijiang Tower,New York Excelsior,FEATH5R,Flora,Friday,JJonak,Kalios,Yakpung
37372,Lijiang Tower,Shanghai Dragons,Fate,Fleta,IZaYaKI,LIP,LeeJaeGon,Void
37372,Volskaya Industries,New York Excelsior,FEATH5R,Flora,Friday,JJonak,Kalios,Yakpung
37372,Volskaya Industries,Shanghai Dragons,Fate,Fleta,IZaYaKI,LIP,LeeJaeGon,Void
37373,Havana,Los Angeles Valiant,Highbee,Krystal,MoLanran,ShowCheng,Silver3,wya
37373,Havana,Seoul Dynasty,Anamo,Creative,Fits,Gesture,Profit,ToYou
37373,Ilios,Los Angeles Valiant,Highbee,Krystal,MoLanran,ShowCheng,Silver3,wya
37373,Ilios,Seoul Dynasty,Anamo,Creative,Fits,Gesture,Profit,ToYou
37373,Numbani,Los Angeles Valiant,Highbee,Krystal,MoLanran,ShowCheng,Silver3,wya
37373,Numbani,Seoul Dynasty,Anamo,Creative,Fits,Gesture,Profit,ToYou
37374,Busan,Philadelphia Fusion,Alarm,FunnyAstro,HOTBA,Mano,carpe,eqo
37374,Busan,Shanghai Dragons,Develop,Fate,IZaYaKI,LIP,LeeJaeGon,Void
37374,Numbani,Philadelphia Fusion,Alarm,FunnyAstro,HOTBA,Mano,carpe,eqo
37374,Numbani,Shanghai Dragons,Fate,Fleta,IZaYaKI,LIP,LeeJaeGon,Void
37374,Rialto,Philadelphia Fusion,Alarm,FunnyAstro,HOTBA,Mano,carpe,eqo
37374,Rialto,Shanghai Dragons,Fate,IZaYaKI,LIP,LeeJaeGon,Void,WhoRu
37375,Blizzard World,Los Angeles Valiant,Highbee,Krystal,MoLanran,ShowCheng,Silver3,wya
37375,Blizzard World,New York Excelsior,Flora,Friday,Gwangboong,JJonak,Kalios,Yakpung
37375,Oasis,Los Angeles Valiant,Highbee,Krystal,MoLanran,ShowCheng,Silver3,wya
37375,Oasis,New York Excelsior,FEATH5R,Flora,Friday,JJonak,Kalios,Yakpung
37375,Rialto,Los Angeles Valiant,Highbee,Krystal,MoLanran,ShowCheng,Silver3,wya
37375,Rialto,New York Excelsior,FEATH5R,Flora,Friday,JJonak,Kalios,Yakpung
37376,King's Row,Hangzhou Spark,Architect,BERNAR,Guxue,MCD,iDK,shy
37376,King's Row,Seoul Dynasty,Anamo,Creative,Fits,Gesture,Profit,ToYou
37376,Lijiang Tower,Hangzhou Spark,Architect,BERNAR,Guxue,MCD,iDK,shy
37376,Lijiang Tower,Seoul Dynasty,Anamo,Creative,Fits,Gesture,Profit,ToYou
37376,Oasis,Hangzhou Spark,Architect,BERNAR,Guxue,MCD,iDK,shy
37376,Oasis,Seoul Dynasty,Anamo,Creative,Fits,Gesture,Profit,ToYou
37376,Rialto,Hangzhou Spark,Architect,BERNAR,Guxue,MCD,iDK,shy
37376,Rialto,Seoul Dynasty,Anamo,Creative,Fits,Gesture,Profit,ToYou
37376,Volskaya Industries,Hangzhou Spark,Architect,BERNAR,Guxue,MCD,iDK,shy
37376,Volskaya Industries,Seoul Dynasty,Anamo,Creative,Fits,Gesture,Profit,ToYou
37377,Dorado,Florida Mayhem,GARGOYLE,GangNamJin,OGE,SLIME,Yaki,bqb
37377,Dorado,Shanghai Dragons,Fate,Fleta,IZaYaKI,LIP,LeeJaeGon,Void
37377,Hanamura,Florida Mayhem,GARGOYLE,GangNamJin,OGE,SLIME,Yaki,bqb
37377,Hanamura,Shanghai Dragons,Fate,Fleta,IZaYaKI,LIP,LeeJaeGon,Void
37377,Ilios,Florida Mayhem,GARGOYLE,GangNamJin,OGE,SLIME,Yaki,bqb
37377,Ilios,Shanghai Dragons,Fate,Fleta,IZaYaKI,LIP,LeeJaeGon,Void
37377,King's Row,Florida Mayhem,GARGOYLE,GangNamJin,OGE,SLIME,Yaki,bqb
37377,King's Row,Shanghai Dragons,Fate,Fleta,IZaYaKI,LIP,LeeJaeGon,Void
37377,Oasis,Florida Mayhem,GARGOYLE,GangNamJin,OGE,SLIME,Yaki,bqb
37377,Oasis,Shanghai Dragons,Fate,Fleta,IZaYaKI,LIP,LeeJaeGon,Void
37377,Watchpoint: Gibraltar,Florida Mayhem,GARGOYLE,GangNamJin,OGE,SLIME,Yaki,bqb
37377,Watchpoint: Gibraltar,Shanghai Dragons,Fate,Fleta,IZaYaKI,LIP,LeeJaeGon,Void
37378,Blizzard World,Chengdu Hunters,Elsa,JinMu,Leave,Mmonk,Nisha,ga9A
37378,Blizzard World,Dallas Fuel,Doha,FEARLESS,Fielder,Hanbin,Jecse,SP9RK1E
37378,Nepal,Chengdu Hunters,Elsa,JinMu,Leave,Mmonk,Nisha,ga9A
37378,Nepal,Dallas Fuel,Doha,FEARLESS,Fielder,Hanbin,Jecse,SP9RK1E
37378,Temple of Anubis,Chengdu Hunters,Elsa,Jimmy,Leave,Mmonk,Nisha,ga9A
37378,Temple of Anubis,Dallas Fuel,Doha,FEARLESS,Fielder,Hanbin,Jecse,SP9RK1E
37378,Watchpoint: Gibraltar,Chengdu Hunters,Elsa,Jimmy,Leave,Mmonk,Nisha,ga9A
37378,Watchpoint: Gibraltar,Dallas Fuel,Doha,FEARLESS,Fielder,Hanbin,Jecse,SP9RK1E
37379,Blizzard World,Dallas Fuel,Doha,FEARLESS,Fielder,Hanbin,Jecse,SP9RK1E
37379,Blizzard World,Shanghai Dragons,Fate,Fleta,IZaYaKI,LIP,LeeJaeGon,Void
37379,Dorado,Dallas Fuel,Doha,FEARLESS,Fielder,Hanbin,Jecse,SP9RK1E
37379,Dorado,Shanghai Dragons,Fate,Fleta,IZaYaKI,LIP,LeeJaeGon,Void
37379,Ilios,Dallas Fuel,Doha,FEARLESS,Fielder,Hanbin,Jecse,SP9RK1E
37379,Ilios,Shanghai Dragons,Fate,Fleta,IZaYaKI,LIP,LeeJaeGon,Void
37379,Oasis,Dallas Fuel,Doha,FEARLESS,Fielder,Hanbin,Jecse,SP9RK1E
37379,Oasis,Shanghai Dragons,Fate,Fleta,IZaYaKI,LIP,LeeJaeGon,Void
37379,Temple of Anubis,Dallas Fuel,Doha,FEARLESS,Fielder,Hanbin,Jecse,SP9RK1E
37379,Temple of Anubis,Shanghai Dragons,Fate,Fleta,IZaYaKI,LIP,LeeJaeGon,Void
37379,Watchpoint: Gibraltar,Dallas Fuel,Doha,FEARLESS,Fielder,Hanbin,Jecse,SP9RK1E
37379,Watchpoint: Gibraltar,Shanghai Dragons,Fate,Fleta,IZaYaKI,LIP,LeeJaeGon,Void
37380,Blizzard World,Dallas Fuel,Doha,FEARLESS,Fielder,Hanbin,Jecse,SP9RK1E
37380,Blizzard World,Shanghai Dragons,Fate,Fleta,IZaYaKI,LIP,LeeJaeGon,Void
37380,Ilios,Dallas Fuel,Doha,FEARLESS,Fielder,Hanbin,Jecse,SP9RK1E
37380,Ilios,Shanghai Dragons,Fate,Fleta,IZaYaKI,LIP,LeeJaeGon,Void
37380,King's Row,Dallas Fuel,Doha,FEARLESS,Fielder,Hanbin,Jecse,SP9RK1E
37380,King's Row,Shanghai Dragons,Fate,Fleta,IZaYaKI,LIP,LeeJaeGon,Void
37380,Lijiang Tower,Dallas Fuel,Doha,FEARLESS,Fielder,Hanbin,Jecse,SP9RK1E
37380,Lijiang Tower,Shanghai Dragons,Fate,Fleta,IZaYaKI,LIP,LeeJaeGon,Void
37380,Temple of Anubis,Dallas Fuel,Doha,FEARLESS,Fielder,Hanbin,Jecse,SP9RK1E
37380,Temple of Anubis,Shanghai Dragons,Fate,Fleta,IZaYaKI,LIP,LeeJaeGon,Void
37380,Watchpoint: Gibraltar,Dallas Fuel,Doha,FEARLESS,Fielder,Hanbin,Jecse,SP9RK1E
37380,Watchpoint: Gibraltar,Shanghai Dragons,Fate,Fleta,IZaYaKI,LIP,LeeJaeGon,Void
37381,Blizzard World,Chengdu Hunters,Elsa,Jimmy,Leave,Mmonk,Nisha,ga9A
37381,Blizzard World,Seoul Dynasty,Anamo,Creative,Fits,Gesture,Profit,ToYou
37381,Busan,Chengdu Hunters,Elsa,Farway1987,Jimmy,Leave,Yveltal,ameng
37381,Busan,Seoul Dynasty,Anamo,Creative,Fits,Gesture,Profit,ToYou
37381,Hanamura,Chengdu Hunters,Elsa,Jimmy,Leave,Mmonk,Nisha,ga9A
37381,Hanamura,Seoul Dynasty,Anamo,Creative,Fits,Gesture,Profit,ToYou
37381,Watchpoint: Gibraltar,Chengdu Hunters,Elsa,Jimmy,Leave,Mmonk,Nisha,ga9A
37381,Watchpoint: Gibraltar,Seoul Dynasty,Anamo,Creative,Fits,Gesture,Profit,ToYou
37382,Eichenwalde,Philadelphia Fusion,Alarm,HOTBA,Mano,Rascal,carpe,tobi
37382,Eichenwalde,Shanghai Dragons,Fate,Fleta,IZaYaKI,LIP,LeeJaeGon,Void
37382,Havana,Philadelphia Fusion,Alarm,HOTBA,Mano,Rascal,carpe,tobi
37382,Havana,Shanghai Dragons,Fate,Fleta,IZaYaKI,LIP,LeeJaeGon,Void
37382,Ilios,Philadelphia Fusion,Alarm,HOTBA,Mano,Rascal,carpe,tobi
37382,Ilios,Shanghai Dragons,Fate,Fleta,IZaYaKI,LIP,LeeJaeGon,Void
37382,Nepal,Philadelphia Fusion,Alarm,HOTBA,Mano,Rascal,carpe,tobi
37382,Nepal,Shanghai Dragons,Fate,Fleta,IZaYaKI,LIP,LeeJaeGon,Void
37382,Volskaya Industries,Philadelphia Fusion,Alarm,HOTBA,Mano,Rascal,carpe,tobi
37382,Volskaya Industries,Shanghai Dragons,Fate,Fleta,IZaYaKI,LeeJaeGon,Void,diem
37382,Watchpoint: Gibraltar,Philadelphia Fusion,Alarm,HOTBA,Mano,Rascal,carpe,tobi
37382,Watchpoint: Gibraltar,Shanghai Dragons,Fate,Fleta,IZaYaKI,LIP,LeeJaeGon,Void
37391,Hanamura,Florida Mayhem,GARGOYLE,GangNamJin,OGE,SLIME,Yaki,bqb
37391,Hanamura,Shanghai Dragons,Fate,Fleta,IZaYaKI,LIP,LeeJaeGon,Void
37391,King's Row,Florida Mayhem,GARGOYLE,GangNamJin,OGE,SLIME,Yaki,bqb
37391,King's Row,Shanghai Dragons,Fate,Fleta,IZaYaKI,LIP,LeeJaeGon,Void
37391,Oasis,Florida Mayhem,GARGOYLE,GangNamJin,OGE,SLIME,Yaki,bqb
37391,Oasis,Shanghai Dragons,Fate,Fleta,IZaYaKI,LIP,LeeJaeGon,Void
37392,Blizzard World,Chengdu Hunters,Elsa,Farway1987,Jimmy,Leave,Nisha,ameng
37392,Blizzard World,Florida Mayhem,GARGOYLE,GangNamJin,OGE,SLIME,Yaki,bqb
37392,Havana,Chengdu Hunters,Elsa,Jimmy,Leave,Mmonk,Nisha,ga9A
37392,Havana,Florida Mayhem,GARGOYLE,GangNamJin,OGE,SLIME,Yaki,bqb
37392,Lijiang Tower,Chengdu Hunters,Elsa,JinMu,Leave,Mmonk,Nisha,ga9A
37392,Lijiang Tower,Florida Mayhem,GARGOYLE,GangNamJin,OGE,SLIME,Yaki,bqb
37392,Volskaya Industries,Chengdu Hunters,Elsa,Farway1987,Jimmy,Leave,Nisha,ga9A
37392,Volskaya Industries,Florida Mayhem,GARGOYLE,GangNamJin,OGE,SLIME,Yaki,bqb
37393,Hollywood,Seoul Dynasty,Anamo,Creative,Fits,Gesture,Profit,ToYou
37393,Hollywood,Shanghai Dragons,Fate,Fleta,IZaYaKI,LIP,LeeJaeGon,Void
37393,Lijiang Tower,Seoul Dynasty,Anamo,Creative,Fits,Gesture,Profit,ToYou
37393,Lijiang Tower,Shanghai Dragons,Fate,Fleta,IZaYaKI,LIP,LeeJaeGon,Void
37393,Temple of Anubis,Seoul Dynasty,Anamo,Creative,Fits,Gesture,Profit,ToYou
37393,Temple of Anubis,Shanghai Dragons,Fate,Fleta,IZaYaKI,LIP,LeeJaeGon,Void
37394,Dorado,Hangzhou Spark,Architect,BERNAR,Guxue,MCD,iDK,shy
37394,Dorado,New York Excelsior,BiaNcA,FEATH5R,Flora,Friday,JJonak,Yakpung
37394,Numbani,Hangzhou Spark,Architect,BERNAR,Guxue,MCD,iDK,shy
37394,Numbani,New York Excelsior,BiaNcA,FEATH5R,Flora,Friday,JJonak,Yakpung
37394,Oasis,Hangzhou Spark,Architect,BERNAR,Guxue,MCD,iDK,shy
37394,Oasis,New York Excelsior,BiaNcA,FEATH5R,Flora,Friday,JJonak,Yakpung
37394,Temple of Anubis,Hangzhou Spark,Architect,BERNAR,Guxue,MCD,iDK,shy
37394,Temple of Anubis,New York Excelsior,BiaNcA,FEATH5R,Flora,Friday,JJonak,Yakpung
37401,Hanamura,Atlanta Reign,Gator,Hawk,Kai,Masaa,PELICAN,ir1s
37401,Hanamura,San Francisco Shock,Choihyobin,FDGod,STRIKER,Viol2t,nero,smurf
37401,Hollywood,Atlanta Reign,Gator,Hawk,Kai,Masaa,PELICAN,ir1s
37401,Hollywood,San Francisco Shock,Choihyobin,FDGod,Glister,Viol2t,nero,super
37401,Nepal,Atlanta Reign,Edison,Gator,Hawk,Masaa,PELICAN,ir1s
37401,Nepal,San Francisco Shock,Choihyobin,FDGod,STRIKER,Viol2t,nero,smurf
37402,Hanamura,Dallas Fuel,Doha,FEARLESS,Fielder,Hanbin,Jecse,SP9RK1E
37402,Hanamura,Los Angeles Gladiators,Birdring,MuZe,SPACE,kevster,moth,shu
37402,Hollywood,Dallas Fuel,Doha,FEARLESS,Fielder,Hanbin,Jecse,SP9RK1E
37402,Hollywood,Los Angeles Gladiators,Birdring,MirroR,MuZe,SPACE,shu,skewed
37402,Junkertown,Dallas Fuel,Doha,FEARLESS,Fielder,Hanbin,Jecse,SP9RK1E
37402,Junkertown,Los Angeles Gladiators,Birdring,MirroR,MuZe,SPACE,shu,skewed
37402,Oasis,Dallas Fuel,Doha,FEARLESS,Fielder,Hanbin,Jecse,SP9RK1E
37402,Oasis,Los Angeles Gladiators,Birdring,MuZe,SPACE,kevster,moth,shu
37403,Lijiang Tower,Atlanta Reign,Edison,Gator,Hawk,Masaa,PELICAN,ir1s
37403,Lijiang Tower,Boston Uprising,Faith,GaeBullSsi,Myunb0ng,Stand1,Valentine,im37
37403,Numbani,Atlanta Reign,Gator,Hawk,Kai,Masaa,PELICAN,ir1s
37403,Numbani,Boston Uprising,Faith,GaeBullSsi,Myunb0ng,Stand1,Valentine,im37
37403,Temple of Anubis,Atlanta Reign,Gator,Hawk,Kai,Masaa,PELICAN,ir1s
37403,Temple of Anubis,Boston Uprising,Faith,GaeBullSsi,Myunb0ng,Stand1,Valentine,im37
37404,Busan,Dallas Fuel,Doha,FEARLESS,Fielder,Hanbin,Jecse,SP9RK1E
37404,Busan,Houston Outlaws,Crimzo,DREAMER,Danteh,Happy,Joobi,Piggy
37404,Eichenwalde,Dallas Fuel,Doha,FEARLESS,Fielder,Hanbin,Jecse,SP9RK1E
37404,Eichenwalde,Houston Outlaws,Crimzo,DREAMER,Danteh,Happy,Joobi,Piggy
37404,Hanamura,Dallas Fuel,Doha,FEARLESS,Fielder,Hanbin,Jecse,SP9RK1E
37404,Hanamura,Houston Outlaws,Crimzo,DREAMER,Danteh,Happy,Joobi,Piggy
37405,Busan,Chengdu Hunters,JinMu,Leave,Mmonk,Yveltal,ameng,lateyoung
37405,Busan,Seoul Dynasty,Anamo,Creative,Fits,Marve1,Profit,ToYou
37405,Eichenwalde,Chengdu Hunters,JinMu,Leave,Mmonk,Yveltal,ga9A,lateyoung
37405,Eichenwalde,Seoul Dynasty,Anamo,Creative,Fits,Marve1,Profit,ToYou
37405,Junkertown,Chengdu Hunters,JinMu,Leave,Mmonk,Yveltal,ga9A,lateyoung
37405,Junkertown,Seoul Dynasty,Anamo,Creative,Fits,Marve1,Profit,ToYou
37405,Nepal,Chengdu Hunters,JinMu,Leave,Mmonk,Yveltal,ga9A,lateyoung
37405,Nepal,Seoul Dynasty,Anamo,Creative,Fits,Marve1,Profit,ToYou
37405,Temple of Anubis,Chengdu Hunters,JinMu,Leave,Mmonk,Yveltal,ga9A,lateyoung
37405,Temple of Anubis,Seoul Dynasty,Anamo,Creative,Fits,Marve1,Profit,ToYou
37406,Ilios,New York Excelsior,Flora,Friday,Gwangboong,JJonak,Kalios,Yakpung
37406,Ilios,Shanghai Dragons,Fate,Fleta,IZaYaKI,LIP,LeeJaeGon,Void
37406,King's Row,New York Excelsior,FEATH5R,Flora,Friday,JJonak,Kalios,Yakpung
37406,King's Row,Shanghai Dragons,Fate,Fleta,IZaYaKI,LIP,LeeJaeGon,Void
37406,Volskaya Industries,New York Excelsior,FEATH5R,Flora,Friday,JJonak,Kalios,Yakpung
37406,Volskaya Industries,Shanghai Dragons,Fate,Fleta,IZaYaKI,LIP,LeeJaeGon,Void
37411,King's Row,Atlanta Reign,Edison,Gator,Hawk,Masaa,PELICAN,ir1s
37411,King's Row,Los Angeles Gladiators,MirroR,MuZe,SPACE,kevster,shu,skewed
37411,Lijiang Tower,Atlanta Reign,Edison,Gator,Hawk,Masaa,PELICAN,ir1s
37411,Lijiang Tower,Los Angeles Gladiators,Birdring,MirroR,MuZe,SPACE,moth,shu
37411,Nepal,Atlanta Reign,Edison,Gator,Hawk,Masaa,PELICAN,ir1s
37411,Nepal,Los Angeles Gladiators,Birdring,MuZe,SPACE,kevster,moth,shu
37411,Temple of Anubis,Atlanta Reign,Edison,Gator,Hawk,Masaa,PELICAN,ir1s
37411,Temple of Anubis,Los Angeles Gladiators,MirroR,MuZe,SPACE,kevster,shu,skewed
37411,Watchpoint: Gibraltar,Atlanta Reign,Edison,Gator,Hawk,Kai,Masaa,ir1s
37411,Watchpoint: Gibraltar,Los Angeles Gladiators,Birdring,MuZe,SPACE,kevster,shu,skewed
37412,King's Row,Dallas Fuel,Doha,FEARLESS,Fielder,Hanbin,Jecse,SP9RK1E
37412,King's Row,Washington Justice,Assassin,BEBE,Closer,Decay,Fury,MAG
37412,Lijiang Tower,Dallas Fuel,Doha,FEARLESS,Fielder,Hanbin,Jecse,SP9RK1E
37412,Lijiang Tower,Washington Justice,Assassin,BEBE,Closer,Decay,Fury,MAG
37412,Nepal,Dallas Fuel,Doha,FEARLESS,Fielder,Hanbin,Jecse,SP9RK1E
37412,Nepal,Washington Justice,Assassin,BEBE,Closer,Decay,Fury,MAG
37412,Route 66,Dallas Fuel,Doha,FEARLESS,Fielder,Hanbin,Jecse,SP9RK1E
37412,Route 66,Washington Justice,Assassin,BEBE,Closer,Decay,Fury,MAG
37412,Volskaya Industries,Dallas Fuel,Doha,FEARLESS,Fielder,Hanbin,Jecse,SP9RK1E
37412,Volskaya Industries,Washington Justice,Assassin,BEBE,Decay,Fury,MAG,Ttuba
37413,Hanamura,Boston Uprising,Faith,Myunb0ng,Stand1,Valentine,im37,punk
37413,Hanamura,Los Angeles Gladiators,MirroR,MuZe,SPACE,kevster,shu,skewed
37413,Ilios,Boston Uprising,ColourHex,Faith,GaeBullSsi,Myunb0ng,Stand1,Valentine
37413,Ilios,Los Angeles Gladiators,MirroR,MuZe,SPACE,kevster,shu,skewed
37413,King's Row,Boston Uprising,Faith,Myunb0ng,Stand1,Valentine,im37,punk
37413,King's Row,Los Angeles Gladiators,MirroR,MuZe,SPACE,kevster,shu,skewed
37414,Busan,Paris Eternal,Daan,Kaan,Naga,Tsuna,Vestola,dridro
37414,Busan,Washington Justice,Assassin,BEBE,Closer,Decay,Fury,MAG
37414,Hanamura,Paris Eternal,Daan,Kaan,Naga,Onigod,Vestola,dridro
37414,Hanamura,Washington Justice,Assassin,BEBE,Closer,Decay,Fury,MAG
37414,Hollywood,Paris Eternal,Daan,Kaan,Naga,Onigod,Vestola,dridro
37414,Hollywood,Washington Justice,Assassin,BEBE,Closer,Decay,Fury,MAG
37414,Oasis,Paris Eternal,Daan,Kaan,Naga,Onigod,Vestola,dridro
37414,Oasis,Washington Justice,Assassin,BEBE,Closer,Decay,Fury,MAG
37414,Route 66,Paris Eternal,Daan,Kaan,Naga,Onigod,Vestola,dridro
37414,Route 66,Washington Justice,Assassin,BEBE,Closer,Decay,Fury,MAG
37415,King's Row,Chengdu Hunters,JinMu,Leave,Mmonk,Yveltal,ga9A,lateyoung
37415,King's Row,Dallas Fuel,Doha,FEARLESS,Fielder,Hanbin,Jecse,SP9RK1E
37415,Lijiang Tower,Chengdu Hunters,JinMu,Leave,Mmonk,Yveltal,ga9A,lateyoung
37415,Lijiang Tower,Dallas Fuel,Doha,FEARLESS,Fielder,Hanbin,Jecse,SP9RK1E
37415,Volskaya Industries,Chengdu Hunters,JinMu,Leave,Mmonk,Yveltal,ga9A,lateyoung
37415,Volskaya Industries,Dallas Fuel,Doha,FEARLESS,Fielder,Hanbin,Jecse,SP9RK1E
37415,Watchpoint: Gibraltar,Chengdu Hunters,JinMu,Leave,Mmonk,Yveltal,ga9A,lateyoung
37415,Watchpoint: Gibraltar,Dallas Fuel,Doha,FEARLESS,Fielder,Hanbin,Jecse,SP9RK1E
37416,Hanamura,Atlanta Reign,Edison,Gator,Hawk,Masaa,PELICAN,ir1s
37416,Hanamura,Shanghai Dragons,Fate,Fleta,IZaYaKI,LIP,LeeJaeGon,Void
37416,King's Row,Atlanta Reign,Edison,Gator,Hawk,Masaa,PELICAN,ir1s
37416,King's Row,Shanghai Dragons,Fate,Fleta,IZaYaKI,LIP,LeeJaeGon,Void
37416,Nepal,Atlanta Reign,Edison,Gator,Hawk,Masaa,PELICAN,ir1s
37416,Nepal,Shanghai Dragons,Fate,Fleta,IZaYaKI,LIP,LeeJaeGon,Void
37417,Busan,Chengdu Hunters,JinMu,Leave,Mmonk,Yveltal,ga9A,lateyoung
37417,Busan,Shanghai Dragons,Fate,Fleta,IZaYaKI,LIP,LeeJaeGon,Void
37417,Eichenwalde,Chengdu Hunters,JinMu,Leave,Mmonk,Yveltal,ga9A,lateyoung
37417,Eichenwalde,Shanghai Dragons,Fate,Fleta,IZaYaKI,LIP,LeeJaeGon,Void
37417,Ilios,Chengdu Hunters,JinMu,Leave,Mmonk,Yveltal,ga9A,lateyoung
37417,Ilios,Shanghai Dragons,Fate,Fleta,IZaYaKI,LIP,LeeJaeGon,Void
37417,Temple of Anubis,Chengdu Hunters,JinMu,Leave,Mmonk,Yveltal,ga9A,lateyoung
37417,Temple of Anubis,Shanghai Dragons,Fate,Fleta,IZaYaKI,LIP,LeeJaeGon,Void
37417,Watchpoint: Gibraltar,Chengdu Hunters,JinMu,Leave,Mmonk,Yveltal,ga9A,lateyoung
37417,Watchpoint: Gibraltar,Shanghai Dragons,Fate,Fleta,IZaYaKI,LIP,LeeJaeGon,Void
37418,Eichenwalde,Chengdu Hunters,JinMu,Leave,Mmonk,Yveltal,ga9A,lateyoung
37418,Eichenwalde,Shanghai Dragons,Fate,Fleta,IZaYaKI,LIP,LeeJaeGon,Void
37418,Ilios,Chengdu Hunters,JinMu,Leave,Mmonk,Nisha,ga9A,lateyoung
37418,Ilios,Shanghai Dragons,Fate,Fleta,IZaYaKI,LIP,LeeJaeGon,Void
37418,Nepal,Chengdu Hunters,JinMu,Leave,Mmonk,Yveltal,ameng,lateyoung
37418,Nepal,Shanghai Dragons,Fate,Fleta,IZaYaKI,LIP,LeeJaeGon,Void
37418,Route 66,Chengdu Hunters,JinMu,Leave,Mmonk,Nisha,ga9A,lateyoung
37418,Route 66,Shanghai Dragons,Fate,Fleta,IZaYaKI,LIP,LeeJaeGon,Void
37418,Temple of Anubis,Chengdu Hunters,JinMu,Leave,Mmonk,Yveltal,ga9A,lateyoung
37418,Temple of Anubis,Shanghai Dragons,Fate,Fleta,IZaYaKI,LIP,LeeJaeGon,Void
37419,King's Row,Chengdu Hunters,JinMu,Leave,Mmonk,Yveltal,ga9A,lateyoung
37419,King's Row,Dallas Fuel,Doha,FEARLESS,Fielder,Hanbin,Jecse,SP9RK1E
37419,Lijiang Tower,Chengdu Hunters,JinMu,Leave,Mmonk,Yveltal,ga9A,lateyoung
37419,Lijiang Tower,Dallas Fuel,Doha,FEARLESS,Fielder,Hanbin,Jecse,SP9RK1E
37419,Temple of Anubis,Chengdu Hunters,JinMu,Leave,Mmonk,Yveltal,ga9A,lateyoung
37419,Temple of Anubis,Dallas Fuel,Doha,FEARLESS,Fielder,Hanbin,Jecse,SP9RK1E
37420,Hanamura,Atlanta Reign,Edison,Gator,Hawk,Masaa,PELICAN,ir1s
37420,Hanamura,Dallas Fuel,Doha,FEARLESS,Fielder,Hanbin,Jecse,SP9RK1E
37420,King's Row,Atlanta Reign,Edison,Gator,Hawk,Masaa,PELICAN,ir1s
37420,King's Row,Dallas Fuel,Doha,FEARLESS,Fielder,Hanbin,Jecse,SP9RK1E
37420,Lijiang Tower,Atlanta Reign,Edison,Gator,Hawk,Masaa,PELICAN,ir1s
37420,Lijiang Tower,Dallas Fuel,Doha,FEARLESS,Fielder,Hanbin,Jecse,SP9RK1E
37420,Nepal,Atlanta Reign,Edison,Gator,Hawk,Masaa,PELICAN,ir1s
37420,Nepal,Dallas Fuel,Doha,FEARLESS,Fielder,Hanbin,Jecse,SP9RK1E
37420,Route 66,Atlanta Reign,Edison,Gator,Hawk,Masaa,PELICAN,ir1s
37420,Route 66,Dallas Fuel,Doha,FEARLESS,Fielder,Hanbin,Jecse,SP9RK1E
